# Blender 4.4.1
# www.blender.org
mtllib hangar.mtl
o Hangar_HangarMaterial_0
v 3.999505 13.355071 -26.800014
v -15.515554 5.968934 -26.800013
v 3.999505 5.968934 -26.800013
v 14.037083 0.013771 -4.999969
v 14.037083 0.013768 -15.000116
v 4.559599 0.017003 -15.000116
v 32.992046 0.007070 -4.999969
v 32.992046 0.007067 -15.000116
v 23.514563 0.010302 -15.000116
v -6.038073 0.013768 -15.000116
v -6.038073 0.013765 -25.000034
v -15.515554 0.010299 -25.000034
v -15.515554 0.010324 56.799957
v -15.515554 0.010327 66.799873
v -6.038073 0.013793 66.799873
v 14.037083 0.013790 56.799957
v 14.037083 0.013793 66.799873
v 23.514563 0.010327 66.799873
v -15.515554 0.010330 76.800018
v -15.515554 0.010327 66.799873
v -24.993038 0.007092 66.799873
v -6.038073 0.013796 76.800018
v -6.038073 0.013793 66.799873
v -15.515554 0.010327 66.799873
v -24.993038 0.007067 -15.000116
v -24.993038 0.007070 -4.999969
v -15.515554 0.010305 -4.999969
v -15.515554 0.010302 -15.000116
v -15.515554 0.010305 -4.999969
v -6.038073 0.013771 -4.999969
v -15.515554 0.010302 -15.000116
v -15.515554 0.010299 -25.000034
v -24.993038 0.007064 -25.000034
v -6.038073 0.013768 -15.000116
v -6.038073 0.013771 -4.999969
v 3.439409 0.017006 -4.999969
v 32.992046 0.007092 66.799873
v 32.992046 0.007089 56.799957
v 23.514563 0.010324 56.799957
v -15.515554 0.010321 46.800041
v -15.515554 0.010324 56.799957
v -6.038073 0.013790 56.799957
v -15.515554 0.010321 46.800041
v -15.515554 0.010318 36.799896
v -24.993038 0.007083 36.799896
v 4.559599 0.017003 -15.000116
v 4.559599 0.017006 -4.999969
v 14.037083 0.013771 -4.999969
v -15.515554 0.010318 36.799896
v -15.515554 0.010321 46.800041
v -6.038073 0.013787 46.800041
v -15.515554 0.010309 4.999943
v -15.515554 0.010312 14.999859
v -6.038073 0.013778 14.999859
v -24.993038 0.007083 36.799896
v -24.993038 0.007086 46.800041
v -15.515554 0.010321 46.800041
v 23.514563 0.010309 4.999943
v 23.514563 0.010312 14.999859
v 32.992046 0.007077 14.999859
v -6.038073 0.013784 36.799896
v -6.038073 0.013781 26.799980
v -15.515554 0.010315 26.799980
v 32.992046 0.007089 56.799957
v 32.992046 0.007086 46.799809
v 23.514563 0.010321 46.800041
v 23.514563 0.010312 14.999859
v 23.514563 0.010315 25.000006
v 32.992046 0.007080 25.000006
v -6.038073 0.013775 4.999943
v -6.038073 0.013771 -4.999969
v -15.515554 0.010305 -4.999969
v -15.515554 0.010318 36.799896
v -15.515554 0.010315 26.799980
v -24.993038 0.007080 26.799980
v -24.993038 0.007077 14.999859
v -24.993038 0.007080 25.000006
v -15.515554 0.010315 25.000006
v -6.038073 0.013775 4.999943
v -6.038073 0.013778 14.999859
v 3.439409 0.017013 14.999859
v 3.439409 0.017006 -4.999969
v 3.439409 0.017003 -15.000116
v -6.038073 0.013768 -15.000116
v -6.038073 0.013790 56.799957
v -6.038073 0.013787 46.800041
v -15.515554 0.010321 46.800041
v -6.038073 0.013778 14.999859
v -6.038073 0.013775 4.999943
v -15.515554 0.010309 4.999943
v 4.559599 0.017010 4.999943
v 4.559599 0.017013 14.999859
v 14.037083 0.013778 14.999859
v 23.514563 0.010324 56.799957
v 23.514563 0.010321 46.800041
v 14.037083 0.013787 46.800041
v 23.514563 0.010321 46.800041
v 23.514563 0.010318 36.799896
v 14.037083 0.013784 36.799896
v -24.993038 0.007080 26.799980
v -24.993038 0.007083 36.799896
v -15.515554 0.010318 36.799896
v -6.038073 0.013787 46.800041
v -6.038073 0.013790 56.799957
v 3.439409 0.017025 56.799957
v 14.037083 0.013775 4.999943
v 14.037083 0.013778 14.999859
v 23.514563 0.010312 14.999859
v 14.037083 0.013784 36.799896
v 14.037083 0.013787 46.800041
v 23.514563 0.010321 46.800041
v 3.439409 0.017028 66.799873
v 3.439409 0.017025 56.799957
v -6.038073 0.013790 56.799957
v 14.037083 0.013796 76.800018
v 14.037083 0.013793 66.799873
v 4.559599 0.017028 66.799873
v 23.514563 0.010315 25.000006
v 23.514563 0.010312 14.999859
v 14.037083 0.013778 14.999859
v 14.037083 0.013781 25.000006
v 14.037083 0.013778 14.999859
v 4.559599 0.017013 14.999859
v 23.514563 0.010315 26.799980
v 23.514563 0.010318 36.799896
v 32.992046 0.007083 36.799896
v 3.439409 0.017019 36.799896
v 3.439409 0.017016 26.799980
v -6.038073 0.013781 26.799980
v 3.439409 0.017022 46.800041
v 3.439409 0.017019 36.799896
v -6.038073 0.013784 36.799896
v 4.559599 0.017016 26.799980
v 4.559599 0.017019 36.799896
v 14.037083 0.013784 36.799896
v -6.038073 0.013781 26.799980
v -6.038073 0.013784 36.799896
v 3.439409 0.017019 36.799896
v 23.514563 0.010318 36.799896
v 23.514563 0.010315 26.799980
v 14.037083 0.013781 26.799980
v 14.037083 0.013781 26.799980
v 14.037083 0.013784 36.799896
v 23.514563 0.010318 36.799896
v 14.037083 0.013787 46.800041
v 14.037083 0.013784 36.799896
v 4.559599 0.017019 36.799896
v -15.515554 0.010327 66.799873
v -15.515554 0.010324 56.799957
v -24.993038 0.007089 56.799957
v 23.514563 0.010309 4.999943
v 23.514563 0.010305 -4.999969
v 14.037083 0.013771 -4.999969
v -6.038073 0.013781 25.000006
v -6.038073 0.013778 14.999859
v -15.515554 0.010312 14.999859
v -6.038073 0.013787 46.800041
v -6.038073 0.013784 36.799896
v -15.515554 0.010318 36.799896
v 3.439409 0.017025 56.799957
v 3.439409 0.017022 46.800041
v -6.038073 0.013787 46.800041
v 14.037083 0.013787 46.800041
v 14.037083 0.013790 56.799957
v 23.514563 0.010324 56.799957
v 4.559599 0.017022 46.800041
v 4.559599 0.017025 56.799957
v 14.037083 0.013790 56.799957
v 14.037083 0.013784 36.799896
v 14.037083 0.013781 26.799980
v 4.559599 0.017016 26.799980
v 23.514563 0.010305 -4.999969
v 23.514563 0.010309 4.999943
v 32.992046 0.007074 4.999943
v -15.515554 0.010315 26.799980
v -15.515554 0.010318 36.799896
v -6.038073 0.013784 36.799896
v -6.038073 0.013784 36.799896
v -6.038073 0.013787 46.800041
v 3.439409 0.017022 46.800041
v 4.559599 0.017013 14.999859
v 4.559599 0.017016 25.000006
v 14.037083 0.013781 25.000006
v 14.037083 0.013790 56.799957
v 14.037083 0.013787 46.800041
v 4.559599 0.017022 46.800041
v 14.037083 0.013778 14.999859
v 14.037083 0.013781 25.000006
v 23.514563 0.010315 25.000006
v -24.993038 0.007092 66.799873
v -24.993038 0.007095 76.800018
v -15.515554 0.010330 76.800018
v 14.037083 0.013765 -25.000034
v 14.037083 0.013768 -15.000116
v 23.514563 0.010302 -15.000116
v 14.037083 0.013775 4.999943
v 14.037083 0.013771 -4.999969
v 4.559599 0.017006 -4.999969
v 32.992046 0.007077 14.999859
v 32.992046 0.007074 4.999943
v 23.514563 0.010309 4.999943
v -6.038073 0.013778 14.999859
v -6.038073 0.013781 25.000006
v 3.439409 0.017016 25.000006
v 3.439409 0.017016 25.000006
v 3.439409 0.017013 14.999859
v -6.038073 0.013778 14.999859
v 23.514563 0.010312 14.999859
v 23.514563 0.010309 4.999943
v 14.037083 0.013775 4.999943
v -15.515554 0.010312 14.999859
v -15.515554 0.010315 25.000006
v -6.038073 0.013781 25.000006
v 32.992046 0.007086 46.799809
v 32.992046 0.007083 36.799896
v 23.514563 0.010318 36.799896
v 4.559599 0.017028 66.799873
v 4.559599 0.017031 76.800018
v 14.037083 0.013796 76.800018
v -15.515554 0.010312 14.999859
v -15.515554 0.010309 4.999943
v -24.993038 0.007074 4.999943
v -24.993038 0.007074 4.999943
v -24.993038 0.007077 14.999859
v -15.515554 0.010312 14.999859
v -15.515554 0.010324 56.799957
v -15.515554 0.010321 46.800041
v -24.993038 0.007086 46.800041
v 3.439409 0.017010 4.999943
v 3.439409 0.017006 -4.999969
v -6.038073 0.013771 -4.999969
v 23.514563 0.010330 76.800018
v 23.514563 0.010327 66.799873
v 14.037083 0.013793 66.799873
v 4.559599 0.017019 36.799896
v 4.559599 0.017022 46.800041
v 14.037083 0.013787 46.800041
v 4.559599 0.017006 -4.999969
v 4.559599 0.017010 4.999943
v 14.037083 0.013775 4.999943
v -15.515554 0.010309 4.999943
v -15.515554 0.010305 -4.999969
v -24.993038 0.007070 -4.999969
v 14.037083 0.013793 66.799873
v 14.037083 0.013790 56.799957
v 4.559599 0.017025 56.799957
v -24.993038 0.007070 -4.999969
v -24.993038 0.007074 4.999943
v -15.515554 0.010309 4.999943
v 23.514563 0.010302 -15.000116
v 23.514563 0.010305 -4.999969
v 32.992046 0.007070 -4.999969
v 32.992046 0.007080 25.000006
v 32.992046 0.007077 14.999859
v 23.514563 0.010312 14.999859
v 23.514563 0.010327 66.799873
v 23.514563 0.010330 76.800018
v 32.992046 0.007095 76.800018
v 32.992046 0.007083 36.799896
v 32.992046 0.007080 26.799980
v 23.514563 0.010315 26.799980
v -15.515554 0.010315 25.000006
v -15.515554 0.010312 14.999859
v -24.993038 0.007077 14.999859
v -6.038073 0.013793 66.799873
v -6.038073 0.013796 76.800018
v 3.439409 0.017031 76.800018
v -15.515554 0.010299 -25.000034
v -15.515554 0.010302 -15.000116
v -6.038073 0.013768 -15.000116
v 23.514563 0.010305 -4.999969
v 23.514563 0.010302 -15.000116
v 14.037083 0.013768 -15.000116
v -15.515554 0.010305 -4.999969
v -15.515554 0.010309 4.999943
v -6.038073 0.013775 4.999943
v 23.514563 0.010321 46.800041
v 23.514563 0.010324 56.799957
v 32.992046 0.007089 56.799957
v 23.514563 0.010302 -15.000116
v 23.514563 0.010299 -25.000034
v 14.037083 0.013765 -25.000034
v 3.439409 0.017031 76.800018
v 3.439409 0.017028 66.799873
v -6.038073 0.013793 66.799873
v 23.514563 0.010327 66.799873
v 23.514563 0.010324 56.799957
v 14.037083 0.013790 56.799957
v 14.037083 0.013793 66.799873
v 14.037083 0.013796 76.800018
v 23.514563 0.010330 76.800018
v -6.038073 0.013793 66.799873
v -6.038073 0.013790 56.799957
v -15.515554 0.010324 56.799957
v 23.514563 0.010318 36.799896
v 23.514563 0.010321 46.800041
v 32.992046 0.007086 46.799809
v 4.559599 0.017025 56.799957
v 4.559599 0.017028 66.799873
v 14.037083 0.013793 66.799873
v 14.037083 0.013778 14.999859
v 14.037083 0.013775 4.999943
v 4.559599 0.017010 4.999943
v -6.038073 0.013771 -4.999969
v -6.038073 0.013775 4.999943
v 3.439409 0.017010 4.999943
v 32.992046 0.007095 76.800018
v 32.992046 0.007092 66.799873
v 23.514563 0.010327 66.799873
v -6.038073 0.013790 56.799957
v -6.038073 0.013793 66.799873
v 3.439409 0.017028 66.799873
v -24.993038 0.007089 56.799957
v -24.993038 0.007092 66.799873
v -15.515554 0.010327 66.799873
v 14.037083 0.013768 -15.000116
v 14.037083 0.013765 -25.000034
v 4.559599 0.017000 -25.000034
v 14.037083 0.013771 -4.999969
v 14.037083 0.013775 4.999943
v 23.514563 0.010309 4.999943
v 3.439409 0.017013 14.999859
v 3.439409 0.017010 4.999943
v -6.038073 0.013775 4.999943
v -15.515554 0.010305 -4.999969
v -15.515554 0.010302 -15.000116
v -24.993038 0.007067 -15.000116
v 14.037083 0.013768 -15.000116
v 14.037083 0.013771 -4.999969
v 23.514563 0.010305 -4.999969
v 32.992046 0.007074 4.999943
v 32.992046 0.007070 -4.999969
v 23.514563 0.010305 -4.999969
v 4.559599 0.017000 -25.000034
v 4.559599 0.017003 -15.000116
v 14.037083 0.013768 -15.000116
v 23.514563 0.010324 56.799957
v 23.514563 0.010327 66.799873
v 32.992046 0.007092 66.799873
v -24.993038 0.007086 46.800041
v -24.993038 0.007089 56.799957
v -15.515554 0.010324 56.799957
v -6.038073 0.013771 -4.999969
v -6.038073 0.013768 -15.000116
v -15.515554 0.010302 -15.000116
v -15.515554 0.010327 66.799873
v -15.515554 0.010330 76.800018
v -6.038073 0.013796 76.800018
v 32.992046 0.007067 -15.000116
v 32.992046 0.007064 -25.000034
v 23.514563 0.010299 -25.000034
v 23.514563 0.010299 -25.000034
v 23.514563 0.010302 -15.000116
v 32.992046 0.007067 -15.000116
v -6.038073 0.013765 -25.000034
v -6.038073 0.013768 -15.000116
v 3.439409 0.017003 -15.000116
v -24.993038 0.007064 -25.000034
v -24.993038 0.007067 -15.000116
v -15.515554 0.010302 -15.000116
v 3.439409 0.017003 -15.000116
v 3.439409 0.017000 -25.000034
v -6.038073 0.013765 -25.000034
v 32.990429 6.940782 -26.800013
v 19.332106 11.782692 -26.800014
v 3.999505 5.968934 -26.800013
v 33.992546 0.014227 -25.000034
v 33.992546 0.014230 -15.000116
v 33.989544 5.968706 -15.000118
v 33.992546 0.014255 66.799873
v 33.992546 0.014258 76.800018
v 33.989544 5.968734 76.800018
v 33.989544 5.968734 76.800018
v 33.989544 5.968730 66.799873
v 33.992546 0.014255 66.799873
v 33.989544 5.968718 25.000004
v 33.989544 5.968715 14.999857
v 33.992546 0.014240 14.999859
v 33.992546 0.014237 4.999943
v 33.992546 0.014240 14.999859
v 33.989544 5.968715 14.999857
v 33.989544 5.968712 4.999941
v 33.989544 5.968709 -4.999971
v 33.992546 0.014233 -4.999969
v -25.993538 0.014237 4.999943
v -25.990534 5.968712 4.999941
v -25.990534 5.968715 14.999857
v 33.989544 5.968728 56.799957
v 33.989544 5.968725 46.800041
v 33.992546 0.014249 46.800041
v -25.993538 0.014243 26.799980
v -25.990534 5.968719 26.799978
v -25.990534 5.968721 36.799896
v 33.992546 0.014249 46.800041
v 33.992546 0.014252 56.799957
v 33.989544 5.968728 56.799957
v 33.989544 5.968721 36.799896
v 33.989544 5.968719 26.799978
v 33.992546 0.014243 26.799980
v 33.992546 0.014252 56.799957
v 33.992546 0.014255 66.799873
v 33.989544 5.968730 66.799873
v 33.992546 0.014240 14.999859
v 33.992546 0.014243 25.000006
v 33.989544 5.968718 25.000004
v 33.989544 5.968725 46.800041
v 33.989544 5.968721 36.799896
v 33.992546 0.014246 36.799896
v -25.990534 5.968712 4.999941
v -25.993538 0.014237 4.999943
v -25.993538 0.014233 -4.999969
v -25.990534 5.968709 -4.999971
v -25.993538 0.014233 -4.999969
v -25.993538 0.014230 -15.000116
v -25.990534 5.968718 25.000004
v -25.993538 0.014243 25.000006
v -25.993538 0.014240 14.999859
v 33.992546 0.014246 36.799896
v 33.992546 0.014246 36.799896
v 33.992546 0.014249 46.800041
v 33.989544 5.968725 46.800041
v -25.993538 0.014240 14.999859
v -25.990534 5.968715 14.999857
v -25.990534 5.968718 25.000004
v -25.990534 5.968721 36.799896
v -25.993538 0.014246 36.799896
v -25.993538 0.014243 26.799980
v -25.993538 0.014246 36.799896
v -25.990534 5.968721 36.799896
v -25.990534 5.968725 46.800041
v -25.990534 5.968725 46.800041
v -25.993305 0.014249 46.800041
v -25.993538 0.014246 36.799896
v -25.990534 5.968730 66.799873
v -25.993305 0.014255 66.799873
v -25.993305 0.014252 56.799957
v -25.990534 5.968715 14.999857
v -25.993538 0.014240 14.999859
v -25.993538 0.014237 4.999943
v -25.993305 0.014255 66.799873
v -25.990534 5.968730 66.799873
v -25.990534 5.968734 76.800018
v -25.990534 5.968706 -15.000118
v -25.993538 0.014230 -15.000116
v -25.993538 0.014227 -25.000034
v -25.990534 5.968728 56.799957
v -25.993305 0.014252 56.799957
v -25.993305 0.014249 46.800041
v -25.990534 5.968725 46.800041
v 33.989544 5.968703 -25.000036
v 33.992546 0.014230 -15.000116
v 33.992546 0.014233 -4.999969
v 33.989544 5.968709 -4.999971
v 33.989544 5.968728 56.799957
v 33.989544 5.968712 4.999941
v -25.990534 5.968734 76.800018
v -25.993305 0.014258 76.800018
v -25.993305 0.014255 66.799873
v -25.990534 5.968728 56.799957
v 33.992546 0.014237 4.999943
v -25.993538 0.014233 -4.999969
v -25.990534 5.968709 -4.999971
v -25.990534 5.968712 4.999941
v -25.990534 5.968703 -25.000036
v 33.989544 5.968709 -4.999971
v 33.989544 5.968706 -15.000118
v 33.992546 0.014230 -15.000116
v -25.993538 0.014230 -15.000116
v -25.990534 5.968706 -15.000118
v -25.990534 5.968709 -4.999971
v 3.999505 14.355577 -4.999974
v 3.999505 14.355575 -15.000121
v 9.879808 14.158479 -15.000120
v -1.880800 14.158479 -15.000120
v -1.880800 14.158476 -25.000038
v 3.999505 14.355572 -25.000038
v -1.880800 14.158482 -4.999974
v -1.880800 14.158479 -15.000120
v 3.999505 14.355575 -15.000121
v 9.879808 14.158476 -25.000038
v 9.879808 14.158479 -15.000120
v 3.999505 14.355575 -15.000121
v 3.999505 14.355575 -15.000121
v 3.999505 14.355577 -4.999974
v -1.880800 14.158482 -4.999974
v 3.999505 14.355572 -25.000038
v 3.999505 14.355575 -15.000121
v -1.880800 14.158479 -15.000120
v 3.999505 14.355594 46.800037
v 3.999505 14.355597 56.799953
v -1.880800 14.158501 56.799953
v 3.999505 14.355584 14.999854
v 3.999505 14.355581 4.999939
v 9.879808 14.158485 4.999939
v -1.880800 14.158504 66.799866
v -1.880800 14.158501 56.799953
v 3.999505 14.355597 56.799953
v 9.879808 14.158485 4.999939
v 9.879808 14.158488 14.999855
v 3.999505 14.355584 14.999854
v 3.999505 14.355588 26.799976
v 3.999505 14.355591 36.799892
v -1.880800 14.158495 36.799892
v 3.999505 14.355591 36.799892
v 3.999505 14.355594 46.800037
v -1.880800 14.158498 46.800037
v -1.880800 14.158495 36.799892
v -1.880800 14.158492 26.799976
v 3.999505 14.355588 26.799976
v -1.880800 14.158498 46.800037
v -1.880800 14.158495 36.799892
v 3.999505 14.355591 36.799892
v -1.880800 14.158491 25.000002
v -1.880800 14.158488 14.999855
v 3.999505 14.355584 14.999854
v 3.999505 14.355584 14.999854
v 3.999505 14.355587 25.000002
v -1.880800 14.158491 25.000002
v 3.999505 14.355591 36.799892
v 3.999505 14.355588 26.799976
v 9.879808 14.158492 26.799976
v -1.880800 14.158501 56.799953
v -1.880800 14.158498 46.800037
v 3.999505 14.355594 46.800037
v 3.999505 14.355587 25.000002
v 3.999505 14.355584 14.999854
v 9.879808 14.158488 14.999855
v 9.879808 14.158482 -4.999974
v 9.879808 14.158485 4.999939
v 3.999505 14.355581 4.999939
v 3.999505 14.355581 4.999939
v 3.999505 14.355584 14.999854
v -1.880800 14.158488 14.999855
v 9.879808 14.158488 14.999855
v 9.879808 14.158491 25.000002
v 3.999505 14.355587 25.000002
v -1.880800 14.158488 14.999855
v -1.880800 14.158485 4.999939
v 3.999505 14.355581 4.999939
v 9.879808 14.158492 26.799976
v 9.879808 14.158495 36.799892
v 3.999505 14.355591 36.799892
v 3.999505 14.355594 46.800037
v 3.999505 14.355591 36.799892
v 9.879808 14.158495 36.799892
v 3.999505 14.355599 66.799866
v 3.999505 14.355597 56.799953
v 9.879808 14.158501 56.799953
v 9.879808 14.158495 36.799892
v 9.879808 14.158498 46.800037
v 3.999505 14.355594 46.800037
v 9.879808 14.158479 -15.000120
v 9.879808 14.158482 -4.999974
v 3.999505 14.355577 -4.999974
v -1.880800 14.158506 76.800011
v -1.880800 14.158504 66.799866
v 3.999505 14.355599 66.799866
v 9.879808 14.158498 46.800037
v 9.879808 14.158501 56.799953
v 3.999505 14.355597 56.799953
v 3.999505 14.355597 56.799953
v 3.999505 14.355594 46.800037
v 9.879808 14.158498 46.800037
v 3.999505 14.355597 56.799953
v 3.999505 14.355599 66.799866
v -1.880800 14.158504 66.799866
v 3.999505 14.355577 -4.999974
v 3.999505 14.355581 4.999939
v -1.880800 14.158485 4.999939
v 3.999505 14.355581 4.999939
v 3.999505 14.355577 -4.999974
v 9.879808 14.158482 -4.999974
v -1.880800 14.158485 4.999939
v -1.880800 14.158482 -4.999974
v 3.999505 14.355577 -4.999974
v 3.999505 14.355602 76.800011
v 3.999505 14.355599 66.799866
v 9.879808 14.158504 66.799866
v 9.879808 14.158504 66.799866
v 9.879808 14.158506 76.800011
v 3.999505 14.355602 76.800011
v 9.879808 14.158501 56.799953
v 9.879808 14.158504 66.799866
v 3.999505 14.355599 66.799866
v 3.999505 14.355575 -15.000121
v 3.999505 14.355572 -25.000038
v 9.879808 14.158476 -25.000038
v 3.999505 14.355599 66.799866
v 3.999505 14.355602 76.800011
v -1.880800 14.158506 76.800011
v 32.989506 5.968966 78.599991
v 32.992046 0.007096 78.599991
v 23.514563 0.010331 78.599991
v -24.990496 5.968934 -26.800013
v -24.993038 0.007064 -26.800011
v -15.515554 0.010299 -26.800011
v 32.992046 0.007064 -26.800011
v 32.989506 5.968934 -26.800013
v 23.514563 5.968934 -26.800013
v -24.993038 0.007096 78.599991
v -24.990496 5.968966 78.599991
v -15.515554 5.968966 78.599991
v 23.514563 0.010331 78.599991
v 23.514563 5.968966 78.599991
v 32.989506 5.968966 78.599991
v -15.515554 0.010299 -26.800011
v -15.515554 5.968934 -26.800013
v -24.990496 5.968934 -26.800013
v 23.514563 5.968934 -26.800013
v 23.514563 0.010299 -26.800011
v 32.992046 0.007064 -26.800011
v -15.515554 5.968966 78.599991
v -15.515554 0.010331 78.599991
v -24.993038 0.007096 78.599991
v 19.332106 11.782692 -26.800014
v 9.809566 13.160287 -26.800014
v 3.999505 5.968934 -26.800013
v 9.809566 13.160287 -26.800014
v 3.999505 13.355071 -26.800014
v 3.999505 5.968934 -26.800013
v 9.879808 14.158479 -15.000120
v 9.879808 14.158476 -25.000038
v 15.023718 13.606468 -25.000038
v 15.023718 13.606468 -25.000038
v 15.023718 13.606471 -15.000120
v 9.879808 14.158479 -15.000120
v -1.880800 14.158504 66.799866
v -1.880800 14.158506 76.800011
v -7.024708 13.606499 76.800011
v 9.879808 14.158488 14.999855
v 9.879808 14.158485 4.999939
v 15.023718 13.606478 4.999939
v -7.024708 13.606478 4.999939
v -7.024708 13.606474 -4.999974
v -1.880800 14.158482 -4.999974
v -7.024708 13.606496 66.799866
v -7.024708 13.606493 56.799953
v -1.880800 14.158501 56.799953
v 9.879808 14.158482 -4.999974
v 9.879808 14.158479 -15.000120
v 15.023718 13.606471 -15.000120
v -7.024708 13.606487 36.799892
v -7.024708 13.606484 26.799976
v -1.880800 14.158492 26.799976
v -7.024708 13.606493 56.799953
v -7.024708 13.606490 46.800037
v -1.880800 14.158498 46.800037
v -1.880800 14.158485 4.999939
v -1.880800 14.158488 14.999855
v -7.024708 13.606481 14.999855
v -1.880800 14.158488 14.999855
v -1.880800 14.158491 25.000002
v -7.024708 13.606483 25.000002
v 9.879808 14.158491 25.000002
v 9.879808 14.158488 14.999855
v 15.023718 13.606481 14.999855
v -1.880800 14.158476 -25.000038
v -1.880800 14.158479 -15.000120
v -7.024708 13.606471 -15.000120
v -7.024708 13.606483 25.000002
v -7.024708 13.606481 14.999855
v -1.880800 14.158488 14.999855
v -7.024708 13.606499 76.800011
v -7.024708 13.606496 66.799866
v -1.880800 14.158504 66.799866
v -1.880800 14.158492 26.799976
v -1.880800 14.158495 36.799892
v -7.024708 13.606487 36.799892
v -7.024708 13.606490 46.800037
v -7.024708 13.606487 36.799892
v -1.880800 14.158495 36.799892
v 15.023718 13.606471 -15.000120
v 15.023718 13.606474 -4.999974
v 9.879808 14.158482 -4.999974
v 15.023718 13.606481 14.999855
v 15.023718 13.606483 25.000002
v 9.879808 14.158491 25.000002
v 15.023718 13.606487 36.799892
v 15.023718 13.606490 46.800037
v 9.879808 14.158498 46.800037
v 9.879808 14.158495 36.799892
v 9.879808 14.158492 26.799976
v 15.023718 13.606484 26.799976
v 9.879808 14.158485 4.999939
v 9.879808 14.158482 -4.999974
v 15.023718 13.606474 -4.999974
v 9.879808 14.158501 56.799953
v 9.879808 14.158498 46.800037
v 15.023718 13.606490 46.800037
v 15.023718 13.606478 4.999939
v 15.023718 13.606481 14.999855
v 9.879808 14.158488 14.999855
v 9.879808 14.158498 46.800037
v 9.879808 14.158495 36.799892
v 15.023718 13.606487 36.799892
v -1.880800 14.158495 36.799892
v -1.880800 14.158498 46.800037
v -7.024708 13.606490 46.800037
v -1.880800 14.158501 56.799953
v -1.880800 14.158504 66.799866
v -7.024708 13.606496 66.799866
v 15.023718 13.606484 26.799976
v 15.023718 13.606487 36.799892
v 9.879808 14.158495 36.799892
v -1.880800 14.158485 4.999939
v -7.024708 13.606471 -15.000120
v -7.024708 13.606468 -25.000038
v -1.880800 14.158476 -25.000038
v 15.023718 13.606496 66.799866
v 15.023718 13.606499 76.800011
v 9.879808 14.158506 76.800011
v 9.879808 14.158504 66.799866
v 9.879808 14.158501 56.799953
v 15.023718 13.606493 56.799953
v 9.879808 14.158506 76.800011
v 9.879808 14.158504 66.799866
v 15.023718 13.606496 66.799866
v -1.880800 14.158498 46.800037
v -1.880800 14.158501 56.799953
v -7.024708 13.606493 56.799953
v 15.023718 13.606493 56.799953
v 15.023718 13.606496 66.799866
v 9.879808 14.158504 66.799866
v -7.024708 13.606474 -4.999974
v -7.024708 13.606471 -15.000120
v -1.880800 14.158479 -15.000120
v 15.023718 13.606490 46.800037
v 15.023718 13.606493 56.799953
v 9.879808 14.158501 56.799953
v -7.024708 13.606481 14.999855
v -7.024708 13.606478 4.999939
v -1.880800 14.158485 4.999939
v -1.880800 14.158479 -15.000120
v -1.880800 14.158482 -4.999974
v -7.024708 13.606474 -4.999974
v 15.023718 13.606478 4.999939
v -11.555147 12.758473 -15.000120
v -11.555147 12.758471 -25.000038
v -7.024708 13.606468 -25.000038
v 19.554155 12.758471 -25.000038
v 19.554155 12.758473 -15.000120
v 15.023718 13.606471 -15.000120
v -11.555147 12.758480 4.999939
v -11.555147 12.758476 -4.999973
v -7.024708 13.606474 -4.999974
v 19.554155 12.758483 14.999855
v 19.554155 12.758486 25.000002
v 15.023718 13.606483 25.000002
v -7.024708 13.606478 4.999939
v -7.024708 13.606481 14.999855
v -11.555147 12.758483 14.999855
v -11.555147 12.758486 25.000002
v -11.555147 12.758483 14.999855
v -7.024708 13.606481 14.999855
v 19.554155 12.758480 4.999939
v 19.554155 12.758483 14.999855
v 15.023718 13.606481 14.999855
v -11.555147 12.758492 46.800037
v -11.555147 12.758490 36.799892
v -7.024708 13.606487 36.799892
v 19.554155 12.758487 26.799976
v 19.554155 12.758490 36.799892
v 15.023718 13.606487 36.799892
v -7.024708 13.606490 46.800037
v 15.023718 13.606493 56.799953
v 15.023718 13.606490 46.800037
v 19.554155 12.758492 46.800037
v 15.023718 13.606490 46.800037
v 15.023718 13.606487 36.799892
v 19.554155 12.758490 36.799892
v -7.024708 13.606483 25.000002
v -11.555147 12.758498 66.799866
v -11.555147 12.758495 56.799953
v -7.024708 13.606493 56.799953
v 19.554155 12.758490 36.799892
v 19.554155 12.758492 46.800037
v 15.023718 13.606490 46.800037
v -11.555147 12.758495 56.799953
v -11.555147 12.758492 46.800037
v -7.024708 13.606490 46.800037
v 15.023718 13.606487 36.799892
v 15.023718 13.606484 26.799976
v 19.554155 12.758487 26.799976
v -7.024708 13.606484 26.799976
v -7.024708 13.606487 36.799892
v -11.555147 12.758490 36.799892
v 19.554155 12.758492 46.800037
v 19.554155 12.758495 56.799953
v 15.023718 13.606493 56.799953
v -7.024708 13.606471 -15.000120
v -7.024708 13.606474 -4.999974
v -11.555147 12.758476 -4.999973
v -7.024708 13.606468 -25.000038
v -7.024708 13.606471 -15.000120
v -11.555147 12.758473 -15.000120
v 15.023718 13.606499 76.800011
v 15.023718 13.606496 66.799866
v 19.554155 12.758498 66.799866
v -11.555147 12.758501 76.800011
v -11.555147 12.758498 66.799866
v -7.024708 13.606496 66.799866
v 19.554155 12.758495 56.799953
v 19.554155 12.758498 66.799866
v 15.023718 13.606496 66.799866
v -11.555147 12.758490 36.799892
v -11.555147 12.758487 26.799976
v -7.024708 13.606484 26.799976
v 19.554155 12.758473 -15.000120
v 19.554155 12.758476 -4.999973
v 15.023718 13.606474 -4.999974
v 15.023718 13.606483 25.000002
v 15.023718 13.606481 14.999855
v 19.554155 12.758483 14.999855
v -11.555147 12.758483 14.999855
v -11.555147 12.758480 4.999939
v -7.024708 13.606478 4.999939
v -7.024708 13.606474 -4.999974
v -7.024708 13.606478 4.999939
v -11.555147 12.758480 4.999939
v 15.023718 13.606496 66.799866
v 15.023718 13.606493 56.799953
v 19.554155 12.758495 56.799953
v 15.023718 13.606481 14.999855
v 15.023718 13.606478 4.999939
v 19.554155 12.758480 4.999939
v -7.024708 13.606490 46.800037
v -7.024708 13.606493 56.799953
v -11.555147 12.758495 56.799953
v -7.024708 13.606493 56.799953
v -7.024708 13.606496 66.799866
v -11.555147 12.758498 66.799866
v -11.555147 12.758476 -4.999973
v -11.555147 12.758473 -15.000120
v -7.024708 13.606471 -15.000120
v 19.554155 12.758498 66.799866
v 19.554155 12.758501 76.800011
v 15.023718 13.606499 76.800011
v 15.023718 13.606478 4.999939
v 15.023718 13.606474 -4.999974
v 19.554155 12.758476 -4.999973
v 15.023718 13.606471 -15.000120
v 15.023718 13.606468 -25.000038
v 19.554155 12.758471 -25.000038
v 19.554155 12.758476 -4.999973
v 19.554155 12.758480 4.999939
v 15.023718 13.606478 4.999939
v 15.023718 13.606474 -4.999974
v 15.023718 13.606471 -15.000120
v 19.554155 12.758473 -15.000120
v -7.024708 13.606499 76.800011
v 3.999505 13.355103 78.599983
v 9.809566 13.160319 78.599983
v 3.999505 8.109066 78.599991
v -1.810557 13.160319 78.599983
v 3.999505 13.355103 78.599983
v 3.999505 8.109066 78.599991
v 23.593586 11.674119 56.799953
v 23.593586 11.674122 66.799873
v 19.554155 12.758498 66.799866
v 19.554155 12.758501 76.800011
v 19.554155 12.758498 66.799866
v 23.593586 11.674122 66.799873
v 23.593586 11.674116 46.800037
v 23.593586 11.674119 56.799953
v 19.554155 12.758495 56.799953
v -11.555147 12.758471 -25.000038
v -11.555147 12.758473 -15.000120
v -15.594578 11.674097 -15.000120
v -11.555147 12.758473 -15.000120
v -11.555147 12.758476 -4.999973
v -15.594578 11.674100 -4.999973
v 23.593586 11.674107 14.999855
v 23.593586 11.674109 25.000002
v 19.554155 12.758486 25.000002
v 19.554155 12.758486 25.000002
v 19.554155 12.758483 14.999855
v 23.593586 11.674107 14.999855
v 23.593586 11.674097 -15.000120
v 23.593586 11.674100 -4.999973
v 19.554155 12.758476 -4.999973
v -11.555147 12.758483 14.999855
v -11.555147 12.758486 25.000002
v -15.594578 11.674109 25.000002
v 23.593586 11.674104 4.999940
v 23.593586 11.674107 14.999855
v 19.554155 12.758483 14.999855
v -15.594578 11.674116 46.800037
v -15.594578 11.674113 36.799892
v -11.555147 12.758490 36.799892
v 23.593586 11.674113 36.799892
v 23.593586 11.674116 46.800037
v 19.554155 12.758492 46.800037
v 19.554155 12.758480 4.999939
v 19.554155 12.758476 -4.999973
v 23.593586 11.674100 -4.999973
v -15.594578 11.674122 66.799873
v -15.594578 11.674119 56.799953
v -11.555147 12.758495 56.799953
v -15.594578 11.674113 36.799892
v -15.594578 11.674110 26.799976
v -11.555147 12.758487 26.799976
v -11.555147 12.758476 -4.999973
v -11.555147 12.758480 4.999939
v -15.594578 11.674104 4.999940
v 19.554155 12.758498 66.799866
v 19.554155 12.758495 56.799953
v 23.593586 11.674119 56.799953
v -11.555147 12.758487 26.799976
v -11.555147 12.758490 36.799892
v -15.594578 11.674113 36.799892
v -11.555147 12.758480 4.999939
v -11.555147 12.758483 14.999855
v -15.594578 11.674107 14.999855
v -11.555147 12.758490 36.799892
v -11.555147 12.758492 46.800037
v -15.594578 11.674116 46.800037
v 23.593586 11.674110 26.799976
v 23.593586 11.674113 36.799892
v 19.554155 12.758490 36.799892
v 19.554155 12.758495 56.799953
v 19.554155 12.758492 46.800037
v 23.593586 11.674116 46.800037
v 19.554155 12.758492 46.800037
v 19.554155 12.758490 36.799892
v 23.593586 11.674113 36.799892
v 23.593586 11.674100 -4.999973
v 23.593586 11.674104 4.999940
v 19.554155 12.758480 4.999939
v 19.554155 12.758490 36.799892
v 19.554155 12.758487 26.799976
v 23.593586 11.674110 26.799976
v -15.594578 11.674100 -4.999973
v -15.594578 11.674097 -15.000120
v -11.555147 12.758473 -15.000120
v -11.555147 12.758498 66.799866
v -11.555147 12.758501 76.800011
v -15.594578 11.674125 76.800018
v -11.555147 12.758492 46.800037
v -11.555147 12.758495 56.799953
v -15.594578 11.674119 56.799953
v -15.594578 11.674119 56.799953
v -15.594578 11.674116 46.800037
v -11.555147 12.758492 46.800037
v 19.554155 12.758480 4.999939
v -15.594578 11.674104 4.999940
v -15.594578 11.674100 -4.999973
v -11.555147 12.758476 -4.999973
v -15.594578 11.674125 76.800018
v -15.594578 11.674122 66.799873
v -11.555147 12.758498 66.799866
v -11.555147 12.758495 56.799953
v -11.555147 12.758498 66.799866
v -15.594578 11.674122 66.799873
v -15.594578 11.674104 4.999940
v -15.594578 11.674109 25.000002
v -15.594578 11.674107 14.999855
v -11.555147 12.758483 14.999855
v 23.593586 11.674094 -25.000038
v 23.593586 11.674097 -15.000120
v 19.554155 12.758473 -15.000120
v 19.554155 12.758476 -4.999973
v 19.554155 12.758473 -15.000120
v 23.593586 11.674097 -15.000120
v 19.554155 12.758473 -15.000120
v 19.554155 12.758471 -25.000038
v 23.593586 11.674094 -25.000038
v 23.593586 11.674122 66.799873
v 23.593586 11.674125 76.800018
v 19.554155 12.758501 76.800011
v -15.594578 11.674097 -15.000120
v -15.594578 11.674094 -25.000038
v -11.555147 12.758471 -25.000038
v 23.593586 11.674097 -15.000120
v 23.593586 11.674094 -25.000038
v 27.265167 10.412032 -25.000038
v -15.594578 11.674122 66.799873
v -15.594578 11.674125 76.800018
v -19.266159 10.412063 76.800018
v 27.265167 10.412032 -25.000038
v 27.265167 10.412035 -15.000119
v 23.593586 11.674097 -15.000120
v -19.266159 10.412042 4.999940
v -19.266159 10.412038 -4.999973
v -15.594578 11.674100 -4.999973
v -19.266159 10.412038 -4.999973
v -19.266159 10.412035 -15.000119
v -15.594578 11.674097 -15.000120
v -19.266159 10.412045 14.999856
v -19.266159 10.412042 4.999940
v -15.594578 11.674104 4.999940
v 27.265167 10.412048 26.799976
v 27.265167 10.412051 36.799892
v 23.593586 11.674113 36.799892
v 23.593586 11.674125 76.800018
v 23.593586 11.674122 66.799873
v 27.265167 10.412060 66.799873
v -15.594578 11.674110 26.799976
v -15.594578 11.674113 36.799892
v -19.266159 10.412051 36.799892
v -19.266159 10.412060 66.799873
v -19.266159 10.412057 56.799953
v -15.594578 11.674119 56.799953
v 23.593586 11.674113 36.799892
v 23.593586 11.674110 26.799976
v 27.265167 10.412048 26.799976
v -19.266159 10.412063 76.800018
v -19.266159 10.412060 66.799873
v -15.594578 11.674122 66.799873
v 23.593586 11.674109 25.000002
v 23.593586 11.674107 14.999855
v 27.265167 10.412045 14.999856
v 23.593586 11.674116 46.800037
v 23.593586 11.674113 36.799892
v 27.265167 10.412051 36.799892
v -15.594578 11.674116 46.800037
v -15.594578 11.674119 56.799953
v -19.266159 10.412057 56.799953
v 27.265167 10.412045 14.999856
v 27.265167 10.412047 25.000002
v 23.593586 11.674109 25.000002
v -15.594578 11.674113 36.799892
v -15.594578 11.674116 46.800037
v -19.266159 10.412054 46.800037
v 27.265167 10.412042 4.999940
v 27.265167 10.412045 14.999856
v 23.593586 11.674107 14.999855
v -19.266159 10.412051 36.799892
v 23.593586 11.674104 4.999940
v 23.593586 11.674100 -4.999973
v 27.265167 10.412038 -4.999973
v 27.265167 10.412057 56.799953
v 27.265167 10.412060 66.799873
v 23.593586 11.674122 66.799873
v -19.266159 10.412047 25.000002
v -19.266159 10.412045 14.999856
v -15.594578 11.674107 14.999855
v -15.594578 11.674094 -25.000038
v -15.594578 11.674097 -15.000120
v -19.266159 10.412035 -15.000119
v 27.265167 10.412035 -15.000119
v 27.265167 10.412038 -4.999973
v 23.593586 11.674100 -4.999973
v 27.265167 10.412054 46.800037
v -15.594578 11.674104 4.999940
v -15.594578 11.674107 14.999855
v -19.266159 10.412045 14.999856
v -15.594578 11.674107 14.999855
v -15.594578 11.674109 25.000002
v -19.266159 10.412047 25.000002
v -19.266159 10.412057 56.799953
v -19.266159 10.412054 46.800037
v -15.594578 11.674116 46.800037
v 27.265167 10.412038 -4.999973
v 27.265167 10.412042 4.999940
v 23.593586 11.674104 4.999940
v 27.265167 10.412060 66.799873
v 27.265167 10.412063 76.800018
v 23.593586 11.674125 76.800018
v 23.593586 11.674107 14.999855
v 23.593586 11.674104 4.999940
v 27.265167 10.412042 4.999940
v 27.265167 10.412054 46.800037
v 27.265167 10.412057 56.799953
v 23.593586 11.674119 56.799953
v -15.594578 11.674100 -4.999973
v -15.594578 11.674104 4.999940
v -19.266159 10.412042 4.999940
v 23.593586 11.674119 56.799953
v 23.593586 11.674116 46.800037
v 27.265167 10.412054 46.800037
v -15.594578 11.674122 66.799873
v -19.266159 10.412051 36.799892
v -19.266159 10.412048 26.799976
v -15.594578 11.674110 26.799976
v -15.594578 11.674100 -4.999973
v 23.593586 11.674119 56.799953
v 23.593586 11.674097 -15.000120
v -19.266159 10.412035 -15.000119
v -19.266159 10.412032 -25.000038
v -15.594578 11.674094 -25.000038
v -11.333096 11.782724 78.599991
v -1.810557 13.160319 78.599983
v 3.999505 8.109066 78.599991
v 9.809566 13.160319 78.599983
v 19.332106 11.782724 78.599991
v 3.999505 8.109066 78.599991
v 30.691589 9.031918 46.800037
v 30.691589 9.031920 56.799953
v 27.265167 10.412057 56.799953
v 27.265167 10.412045 14.999856
v 27.265167 10.412042 4.999940
v 30.691589 9.031905 4.999940
v 30.691589 9.031905 4.999940
v 30.691589 9.031908 14.999856
v 27.265167 10.412045 14.999856
v 30.691589 9.031912 26.799978
v 30.691589 9.031915 36.799892
v 27.265167 10.412051 36.799892
v -22.692581 9.031923 66.799873
v -22.692581 9.031920 56.799953
v -19.266159 10.412057 56.799953
v 27.265167 10.412054 46.800037
v 27.265167 10.412051 36.799892
v 30.691589 9.031915 36.799892
v -22.692581 9.031908 14.999856
v -22.692581 9.031905 4.999940
v -19.266159 10.412042 4.999940
v -19.266159 10.412045 14.999856
v -19.266159 10.412047 25.000002
v -22.692581 9.031911 25.000004
v -22.692581 9.031926 76.800018
v -22.692581 9.031923 66.799873
v -19.266159 10.412060 66.799873
v -19.266159 10.412042 4.999940
v -19.266159 10.412045 14.999856
v -22.692581 9.031908 14.999856
v 27.265167 10.412035 -15.000119
v 27.265167 10.412032 -25.000038
v 30.691589 9.031896 -25.000036
v 30.691589 9.031920 56.799953
v 30.691589 9.031923 66.799873
v 27.265167 10.412060 66.799873
v 27.265167 10.412063 76.800018
v 27.265167 10.412060 66.799873
v 30.691589 9.031923 66.799873
v -22.692581 9.031901 -4.999972
v -22.692581 9.031898 -15.000119
v -19.266159 10.412035 -15.000119
v -22.692581 9.031920 56.799953
v -22.692581 9.031918 46.800037
v -19.266159 10.412054 46.800037
v -22.692581 9.031898 -15.000119
v -22.692581 9.031896 -25.000036
v -19.266159 10.412032 -25.000038
v -19.266159 10.412038 -4.999973
v -19.266159 10.412042 4.999940
v -22.692581 9.031905 4.999940
v 27.265167 10.412047 25.000002
v 27.265167 10.412045 14.999856
v 30.691589 9.031908 14.999856
v 27.265167 10.412060 66.799873
v 27.265167 10.412057 56.799953
v 30.691589 9.031920 56.799953
v -22.692581 9.031911 25.000004
v -22.692581 9.031908 14.999856
v -19.266159 10.412045 14.999856
v -19.266159 10.412051 36.799892
v -19.266159 10.412054 46.800037
v -22.692581 9.031918 46.800037
v 27.265167 10.412051 36.799892
v 27.265167 10.412048 26.799976
v 30.691589 9.031912 26.799978
v -19.266159 10.412054 46.800037
v -19.266159 10.412057 56.799953
v -22.692581 9.031920 56.799953
v 27.265167 10.412038 -4.999973
v 27.265167 10.412035 -15.000119
v 30.691589 9.031898 -15.000119
v 30.691589 9.031901 -4.999972
v 30.691589 9.031905 4.999940
v 27.265167 10.412042 4.999940
v 30.691589 9.031896 -25.000036
v 30.691589 9.031898 -15.000119
v 27.265167 10.412035 -15.000119
v 30.691589 9.031908 14.999856
v 30.691589 9.031911 25.000004
v 27.265167 10.412047 25.000002
v -22.692581 9.031915 36.799892
v -22.692581 9.031912 26.799978
v -19.266159 10.412048 26.799976
v -19.266159 10.412048 26.799976
v -19.266159 10.412051 36.799892
v -22.692581 9.031915 36.799892
v -19.266159 10.412032 -25.000038
v -19.266159 10.412035 -15.000119
v -22.692581 9.031898 -15.000119
v 30.691589 9.031915 36.799892
v 30.691589 9.031918 46.800037
v 27.265167 10.412054 46.800037
v -22.692581 9.031918 46.800037
v -22.692581 9.031915 36.799892
v -19.266159 10.412051 36.799892
v 27.265167 10.412042 4.999940
v 27.265167 10.412038 -4.999973
v 30.691589 9.031901 -4.999972
v 27.265167 10.412057 56.799953
v 27.265167 10.412054 46.800037
v 30.691589 9.031918 46.800037
v 30.691589 9.031923 66.799873
v 30.691589 9.031926 76.800018
v 27.265167 10.412063 76.800018
v -19.266159 10.412035 -15.000119
v -19.266159 10.412038 -4.999973
v -22.692581 9.031901 -4.999972
v -19.266159 10.412057 56.799953
v -19.266159 10.412060 66.799873
v -22.692581 9.031923 66.799873
v -22.692581 9.031905 4.999940
v -22.692581 9.031901 -4.999972
v -19.266159 10.412038 -4.999973
v 30.691589 9.031898 -15.000119
v 30.691589 9.031901 -4.999972
v 27.265167 10.412038 -4.999973
v -19.266159 10.412060 66.799873
v -19.266159 10.412063 76.800018
v -22.692581 9.031926 76.800018
v 33.991161 7.595866 46.800037
v 33.991161 7.595869 56.799953
v 30.691589 9.031920 56.799953
v -22.692581 9.031923 66.799873
v -22.692581 9.031926 76.800018
v -25.992151 7.595875 76.800018
v 33.991161 7.595869 56.799953
v 33.991161 7.595872 66.799873
v 30.691589 9.031923 66.799873
v -25.992151 7.595857 14.999857
v -25.992151 7.595853 4.999941
v -22.692581 9.031905 4.999940
v 30.691589 9.031908 14.999856
v 30.691589 9.031905 4.999940
v 33.991161 7.595853 4.999941
v -25.992151 7.595860 25.000004
v -25.992151 7.595857 14.999857
v -22.692581 9.031908 14.999856
v 30.691589 9.031923 66.799873
v 30.691589 9.031920 56.799953
v 33.991161 7.595869 56.799953
v -22.692581 9.031908 14.999856
v -22.692581 9.031911 25.000004
v -25.992151 7.595860 25.000004
v 30.691589 9.031911 25.000004
v 30.691589 9.031908 14.999856
v 33.991161 7.595857 14.999857
v -22.692581 9.031905 4.999940
v -22.692581 9.031908 14.999856
v -25.992151 7.595857 14.999857
v 33.991161 7.595853 4.999941
v 33.991161 7.595857 14.999857
v 30.691589 9.031908 14.999856
v -25.992151 7.595866 46.800037
v -25.992151 7.595863 36.799892
v -22.692581 9.031915 36.799892
v 30.691589 9.031915 36.799892
v 30.691589 9.031912 26.799978
v 33.991161 7.595860 26.799978
v -25.992151 7.595869 56.799953
v -25.992151 7.595866 46.800037
v -22.692581 9.031918 46.800037
v -22.692581 9.031915 36.799892
v -22.692581 9.031918 46.800037
v -25.992151 7.595866 46.800037
v 30.691589 9.031901 -4.999972
v 30.691589 9.031898 -15.000119
v 33.991161 7.595847 -15.000118
v -25.992151 7.595850 -4.999972
v -25.992151 7.595847 -15.000118
v -22.692581 9.031898 -15.000119
v -22.692581 9.031912 26.799978
v -22.692581 9.031915 36.799892
v -25.992151 7.595863 36.799892
v -25.992151 7.595853 4.999941
v -25.992151 7.595850 -4.999972
v -22.692581 9.031901 -4.999972
v 33.991161 7.595860 26.799978
v 33.991161 7.595863 36.799892
v 30.691589 9.031915 36.799892
v 33.991161 7.595863 36.799892
v 33.991161 7.595866 46.800037
v 30.691589 9.031918 46.800037
v -22.692581 9.031898 -15.000119
v -22.692581 9.031901 -4.999972
v -25.992151 7.595850 -4.999972
v 30.691589 9.031905 4.999940
v 30.691589 9.031901 -4.999972
v 33.991161 7.595850 -4.999972
v -25.992151 7.595863 36.799892
v -25.992151 7.595860 26.799978
v -22.692581 9.031912 26.799978
v 33.991161 7.595857 14.999857
v 33.991161 7.595860 25.000004
v 30.691589 9.031911 25.000004
v -25.992151 7.595875 76.800018
v -25.992151 7.595872 66.799873
v -22.692581 9.031923 66.799873
v -22.692581 9.031901 -4.999972
v -22.692581 9.031905 4.999940
v -25.992151 7.595853 4.999941
v 30.691589 9.031918 46.800037
v 30.691589 9.031915 36.799892
v 33.991161 7.595863 36.799892
v 33.991161 7.595872 66.799873
v 33.991161 7.595875 76.800018
v 30.691589 9.031926 76.800018
v 33.991161 7.595847 -15.000118
v 33.991161 7.595850 -4.999972
v 30.691589 9.031901 -4.999972
v 30.691589 9.031920 56.799953
v 30.691589 9.031918 46.800037
v 33.991161 7.595866 46.800037
v -25.992151 7.595872 66.799873
v -25.992151 7.595869 56.799953
v -22.692581 9.031920 56.799953
v -25.992151 7.595847 -15.000118
v -25.992151 7.595844 -25.000036
v -22.692581 9.031896 -25.000036
v 30.691589 9.031898 -15.000119
v 30.691589 9.031896 -25.000036
v 33.991161 7.595844 -25.000036
v -22.692581 9.031918 46.800037
v -22.692581 9.031920 56.799953
v -25.992151 7.595869 56.799953
v 33.991161 7.595850 -4.999972
v 33.991161 7.595853 4.999941
v 30.691589 9.031905 4.999940
v 30.691589 9.031926 76.800018
v 30.691589 9.031923 66.799873
v 33.991161 7.595872 66.799873
v -22.692581 9.031896 -25.000036
v -22.692581 9.031898 -15.000119
v -25.992151 7.595847 -15.000118
v -22.692581 9.031920 56.799953
v -22.692581 9.031923 66.799873
v -25.992151 7.595872 66.799873
v 33.991161 7.595844 -25.000036
v 33.991161 7.595847 -15.000118
v 30.691589 9.031898 -15.000119
v 19.492001 0.330121 77.760773
v 19.492001 8.234070 77.760773
v 22.680197 8.234070 77.760773
v 21.713432 0.330089 -26.388718
v 21.713432 8.234038 -26.388720
v 18.525236 8.234038 -26.388720
v 20.608725 0.330121 78.010094
v 20.608725 8.234070 78.010094
v 23.796921 8.234070 78.010094
v -2.129885 8.234038 -26.104284
v -2.129885 0.330089 -26.104282
v 1.058313 0.330089 -26.104282
v -9.636868 8.234070 77.760773
v -9.636868 0.330121 77.760773
v -12.825066 0.330121 77.760773
v -12.825066 0.330121 77.760773
v -12.825066 8.234070 77.760773
v -9.636868 8.234070 77.760773
v 18.525236 8.234038 -26.388720
v 18.525236 0.330089 -26.388718
v 21.713432 0.330089 -26.388718
v 11.910847 0.330089 -26.104282
v 11.910847 8.234038 -26.104284
v 8.722649 8.234038 -26.104284
v 23.796921 8.234070 78.010094
v 23.796921 0.330121 78.010094
v 20.608725 0.330121 78.010094
v -15.863997 0.330121 78.010094
v -15.863997 8.234070 78.010094
v -12.676031 8.234070 78.010094
v -12.676031 8.234070 78.010094
v -12.676031 0.330121 78.010094
v -15.863997 0.330121 78.010094
v -9.277103 0.330089 -26.388718
v -9.277103 8.234038 -26.388720
v -12.465302 8.234038 -26.388720
v 1.058313 0.330089 -26.104282
v 1.058313 8.234038 -26.104284
v -2.129885 8.234038 -26.104284
v 22.680197 8.234070 77.760773
v 22.680197 0.330121 77.760773
v 19.492001 0.330121 77.760773
v -12.465302 8.234038 -26.388720
v -12.465302 0.330089 -26.388718
v -9.277103 0.330089 -26.388718
v 8.722649 8.234038 -26.104284
v 8.722649 0.330089 -26.104282
v 11.910847 0.330089 -26.104282
v -16.232079 8.234070 78.010094
v -16.232079 0.330121 78.010094
v -19.374296 0.330121 78.010094
v 20.240643 8.234070 78.010094
v 20.240643 0.330121 78.010094
v 17.098658 0.330121 78.010094
v -9.165731 8.234070 78.010094
v -9.165731 0.330121 78.010094
v -12.307949 0.330121 78.010094
v 27.306990 8.234070 78.010094
v 27.306990 0.330121 78.010094
v 24.165003 0.330121 78.010094
v -12.833153 0.330089 -26.388718
v -12.833153 8.234038 -26.388720
v -15.975368 8.234038 -26.388720
v -6.126569 8.234070 77.760773
v -6.126569 0.330121 77.760773
v -9.268785 0.330121 77.760773
v -5.640183 8.234038 -26.104284
v -5.640183 0.330089 -26.104282
v -2.497967 0.330089 -26.104282
v 15.981934 0.330121 77.760773
v 15.981934 8.234070 77.760773
v 19.124149 8.234070 77.760773
v 23.048279 0.330121 77.760773
v 23.048279 8.234070 77.760773
v 26.190496 8.234070 77.760773
v 15.015169 8.234038 -26.388720
v 15.015169 0.330089 -26.388718
v 18.157154 0.330089 -26.388718
v 1.426164 8.234038 -26.104284
v 1.426164 0.330089 -26.104282
v 4.568380 0.330089 -26.104282
v -19.374296 0.330121 78.010094
v -19.374296 8.234070 78.010094
v -16.232079 8.234070 78.010094
v 19.124149 8.234070 77.760773
v 19.124149 0.330121 77.760773
v 15.981934 0.330121 77.760773
v 15.420914 0.330089 -26.104282
v 15.420914 8.234038 -26.104284
v 12.278929 8.234038 -26.104284
v -13.192917 8.234070 77.760773
v -13.192917 0.330121 77.760773
v -16.335133 0.330121 77.760773
v 12.278929 8.234038 -26.104284
v 12.278929 0.330089 -26.104282
v 15.420914 0.330089 -26.104282
v 22.081514 8.234038 -26.388720
v 22.081514 0.330089 -26.388718
v 25.223499 0.330089 -26.388718
v -2.497967 0.330089 -26.104282
v -2.497967 8.234038 -26.104284
v -5.640183 8.234038 -26.104284
v 26.190496 8.234070 77.760773
v 26.190496 0.330121 77.760773
v 23.048279 0.330121 77.760773
v 18.157154 0.330089 -26.388718
v 18.157154 8.234038 -26.388720
v 15.015169 8.234038 -26.388720
v -8.909021 8.234038 -26.388720
v -8.909021 0.330089 -26.388718
v -5.766805 0.330089 -26.388718
v -5.766805 0.330089 -26.388718
v -5.766805 8.234038 -26.388720
v -8.909021 8.234038 -26.388720
v 24.165003 0.330121 78.010094
v 24.165003 8.234070 78.010094
v 27.306990 8.234070 78.010094
v 8.354797 0.330089 -26.104282
v 8.354797 8.234038 -26.104284
v 5.212582 8.234038 -26.104284
v -15.975368 8.234038 -26.388720
v -15.975368 0.330089 -26.388718
v -12.833153 0.330089 -26.388718
v -9.268785 0.330121 77.760773
v -9.268785 8.234070 77.760773
v -6.126569 8.234070 77.760773
v -12.307949 0.330121 78.010094
v -12.307949 8.234070 78.010094
v -9.165731 8.234070 78.010094
v 17.098658 0.330121 78.010094
v 17.098658 8.234070 78.010094
v 20.240643 8.234070 78.010094
v 5.212582 8.234038 -26.104284
v 5.212582 0.330089 -26.104282
v 8.354797 0.330089 -26.104282
v 25.223499 0.330089 -26.388718
v 25.223499 8.234038 -26.388720
v 22.081514 8.234038 -26.388720
v -16.335133 0.330121 77.760773
v -16.335133 8.234070 77.760773
v -13.192917 8.234070 77.760773
v 4.568380 0.330089 -26.104282
v 4.568380 8.234038 -26.104284
v 1.426164 8.234038 -26.104284
v 1.412993 12.883969 78.467590
v 6.586016 12.883969 78.467590
v 6.586016 9.456852 78.467598
v 6.586016 12.883937 -26.773903
v 1.412993 12.883937 -26.773903
v 1.412993 9.456820 -26.773903
v 6.586016 9.456852 78.467598
v 1.412993 9.456852 78.467598
v 1.412993 12.883969 78.467590
v 1.412993 9.456820 -26.773903
v 6.586016 9.456820 -26.773903
v 6.586016 12.883937 -26.773903
v 19.332106 11.782724 78.599991
v 26.915569 9.474874 78.599991
v 3.999505 8.109066 78.599991
v -18.916561 9.474874 78.599991
v -11.333096 11.782724 78.599991
v 3.999505 8.109066 78.599991
v 3.999505 13.355071 -26.800014
v -24.990496 5.968934 -26.800013
v -15.515554 5.968934 -26.800013
v 3.999505 13.355071 -26.800014
v -15.302053 10.717264 -26.800014
v -24.990496 5.968934 -26.800013
v 32.990429 6.940814 78.599991
v 23.514563 5.968966 78.599991
v 23.514101 8.109297 78.599991
v -22.306246 8.109528 78.599991
v -15.516018 8.109297 78.599991
v -15.515554 5.968966 78.599991
v -3.017858 1.331059 0.968599
v -5.196544 1.331059 0.584343
v -5.717589 1.331060 3.538706
v -3.538903 1.331060 3.922962
v -6.038073 0.013797 78.599991
v 3.439409 0.017032 78.599991
v 3.439409 0.017031 76.800018
v 23.514563 0.010331 78.599991
v 32.992046 0.007096 78.599991
v 32.992046 0.007095 76.800018
v 14.037083 0.013765 -25.000034
v 23.514563 0.010299 -25.000034
v 23.514563 0.010299 -26.800011
v -6.038073 0.013796 76.800018
v -15.515554 0.010330 76.800018
v -15.515554 0.010331 78.599991
v -15.515554 0.010299 -26.800011
v -24.993038 0.007064 -26.800011
v -24.993038 0.007064 -25.000034
v 3.439409 0.017031 76.800018
v -6.038073 0.013796 76.800018
v -6.038073 0.013797 78.599991
v -6.038073 0.013781 25.000006
v -15.515554 0.010315 25.000006
v -15.515554 0.010315 26.799980
v -15.515554 0.010315 25.000006
v -24.993038 0.007080 25.000006
v -24.993038 0.007080 26.799980
v -15.515554 0.010330 76.800018
v -24.993038 0.007095 76.800018
v -24.993038 0.007096 78.599991
v -6.038073 0.013765 -26.800011
v -15.515554 0.010299 -26.800011
v -15.515554 0.010299 -25.000034
v 23.514563 0.010315 26.799980
v 32.992046 0.007080 26.799980
v 32.992046 0.007080 25.000006
v 23.514563 0.010315 25.000006
v 14.037083 0.013781 25.000006
v 14.037083 0.013781 26.799980
v -15.515554 0.010315 26.799980
v -6.038073 0.013781 26.799980
v -6.038073 0.013781 25.000006
v -15.515554 0.010299 -25.000034
v -6.038073 0.013765 -25.000034
v -6.038073 0.013765 -26.800011
v 32.992046 0.007095 76.800018
v 23.514563 0.010330 76.800018
v 23.514563 0.010331 78.599991
v -6.038073 0.013781 26.799980
v 3.439409 0.017016 26.799980
v 3.439409 0.017016 25.000006
v 3.439409 0.017016 25.000006
v -6.038073 0.013781 25.000006
v -6.038073 0.013781 26.799980
v 4.559599 0.017016 26.799980
v 14.037083 0.013781 26.799980
v 14.037083 0.013781 25.000006
v 14.037083 0.013781 25.000006
v 4.559599 0.017016 25.000006
v 4.559599 0.017016 26.799980
v 14.037083 0.013781 26.799980
v 23.514563 0.010315 26.799980
v 23.514563 0.010315 25.000006
v -24.993038 0.007080 26.799980
v -15.515554 0.010315 26.799980
v -15.515554 0.010315 25.000006
v 32.992046 0.007080 25.000006
v 23.514563 0.010315 25.000006
v 23.514563 0.010315 26.799980
v 23.514563 0.010330 76.800018
v 14.037083 0.013796 76.800018
v 14.037083 0.013797 78.599991
v 4.559599 0.017032 78.599991
v 14.037083 0.013797 78.599991
v 14.037083 0.013796 76.800018
v 32.992046 0.007064 -26.800011
v 23.514563 0.010299 -26.800011
v 23.514563 0.010299 -25.000034
v 14.037083 0.013796 76.800018
v 4.559599 0.017031 76.800018
v 4.559599 0.017032 78.599991
v 14.037083 0.013765 -26.800011
v 4.559599 0.017000 -26.800011
v 4.559599 0.017000 -25.000034
v -15.515554 0.010331 78.599991
v -6.038073 0.013797 78.599991
v -6.038073 0.013796 76.800018
v -24.993038 0.007064 -25.000034
v -15.515554 0.010299 -25.000034
v -15.515554 0.010299 -26.800011
v 4.559599 0.017000 -25.000034
v 14.037083 0.013765 -25.000034
v 14.037083 0.013765 -26.800011
v 3.439409 0.017000 -26.800011
v -6.038073 0.013765 -26.800011
v -6.038073 0.013765 -25.000034
v -6.038073 0.013765 -25.000034
v 3.439409 0.017000 -25.000034
v 3.439409 0.017000 -26.800011
v 14.037083 0.013797 78.599991
v 23.514563 0.010331 78.599991
v 23.514563 0.010330 76.800018
v -24.993038 0.007096 78.599991
v -15.515554 0.010331 78.599991
v -15.515554 0.010330 76.800018
v 23.514563 0.010299 -26.800011
v 14.037083 0.013765 -26.800011
v 14.037083 0.013765 -25.000034
v 23.514563 0.010299 -25.000034
v 32.992046 0.007064 -25.000034
v 32.992046 0.007064 -26.800011
v 32.989506 5.968934 -26.800013
v 32.992046 0.007064 -26.800011
v 32.992046 0.007064 -25.000034
v -24.990496 5.968966 78.599991
v -24.993038 0.007096 78.599991
v -24.993038 0.007095 76.800018
v 32.989506 5.968934 -25.000036
v -24.993038 0.007080 25.000006
v -24.990496 5.968949 25.000004
v -24.990496 5.968950 26.799978
v 32.992046 0.007080 26.799980
v 32.989506 5.968950 26.799978
v 32.989506 5.968949 25.000004
v 32.989506 5.968949 25.000004
v 32.992046 0.007080 25.000006
v 32.992046 0.007080 26.799980
v -24.990496 5.968950 26.799978
v -24.993038 0.007080 26.799980
v -24.993038 0.007080 25.000006
v 32.989506 5.968965 76.800018
v 32.992046 0.007095 76.800018
v 32.992046 0.007096 78.599991
v -24.993038 0.007095 76.800018
v -24.990496 5.968965 76.800018
v -24.990496 5.968966 78.599991
v -24.993038 0.007064 -26.800011
v -24.990496 5.968934 -26.800013
v -24.990496 5.968934 -25.000036
v 32.992046 0.007096 78.599991
v 32.989506 5.968966 78.599991
v 32.989506 5.968965 76.800018
v -24.990496 5.968934 -25.000036
v -24.993038 0.007064 -25.000034
v -24.993038 0.007064 -26.800011
v 3.999505 13.355071 -26.800014
v 9.809566 13.160287 -26.800014
v 9.809566 13.160288 -25.000038
v 9.809566 13.160288 -25.000038
v 3.999505 13.355072 -25.000038
v 3.999505 13.355071 -26.800014
v 3.999505 13.355087 25.000002
v 9.809566 13.160303 25.000002
v 9.809566 13.160304 26.799976
v 9.809566 13.160304 26.799976
v 3.999505 13.355088 26.799976
v 3.999505 13.355087 25.000002
v -1.810557 13.160303 25.000002
v 3.999505 13.355087 25.000002
v 3.999505 13.355088 26.799976
v 3.999505 13.355088 26.799976
v -1.810557 13.160304 26.799976
v -1.810557 13.160303 25.000002
v 9.809566 13.160319 78.599983
v 3.999505 13.355103 78.599983
v 3.999505 13.355103 76.800011
v -1.810557 13.160318 76.800011
v 3.999505 13.355103 76.800011
v 3.999505 13.355103 78.599983
v 3.999505 13.355103 78.599983
v -1.810557 13.160319 78.599983
v -1.810557 13.160318 76.800011
v 3.999505 13.355103 76.800011
v 9.809566 13.160318 76.800011
v 9.809566 13.160319 78.599983
v -1.810557 13.160287 -26.800014
v 3.999505 13.355071 -26.800014
v 3.999505 13.355072 -25.000038
v 3.999505 13.355072 -25.000038
v -1.810557 13.160288 -25.000038
v -1.810557 13.160287 -26.800014
v 14.878149 12.616399 78.599983
v 9.809566 13.160319 78.599983
v 9.809566 13.160318 76.800011
v -1.810557 13.160304 26.799976
v -6.879139 12.616384 26.799976
v -6.879139 12.616383 25.000002
v -6.879139 12.616136 -26.800014
v -1.810557 13.160287 -26.800014
v -1.810557 13.160288 -25.000038
v 9.809566 13.160303 25.000002
v 14.878149 12.616383 25.000002
v 14.878149 12.616384 26.799976
v -6.879139 12.616383 25.000002
v -1.810557 13.160303 25.000002
v -1.810557 13.160304 26.799976
v 14.878149 12.616384 26.799976
v 9.809566 13.160304 26.799976
v 9.809566 13.160303 25.000002
v 9.809566 13.160318 76.800011
v 14.878149 12.616398 76.800011
v 14.878149 12.616399 78.599983
v -1.810557 13.160319 78.599983
v -6.879139 12.616399 78.599983
v -6.879139 12.616398 76.800011
v 9.809566 13.160287 -26.800014
v 14.878149 12.616136 -26.800014
v 14.878149 12.616137 -25.000038
v -1.810557 13.160288 -25.000038
v -6.879139 12.616137 -25.000038
v -6.879139 12.616136 -26.800014
v 14.878149 12.616137 -25.000038
v 9.809566 13.160288 -25.000038
v 9.809566 13.160287 -26.800014
v -6.879139 12.616398 76.800011
v -1.810557 13.160318 76.800011
v -1.810557 13.160319 78.599983
v -20.319340 -0.000071 67.143463
v -20.702904 -0.000070 69.319145
v -20.702904 2.577430 69.319145
v -21.909048 -0.000086 15.388506
v -24.109917 -0.000086 15.196032
v -24.109917 2.577414 15.196031
v 0.311750 -0.000090 4.084705
v 0.695545 -0.000090 1.909023
v 0.695545 2.577410 1.909022
v -21.980217 2.577429 64.874893
v -19.779579 2.577429 64.682419
v -19.779579 -0.000071 64.682182
v -21.787741 2.577430 67.075531
v -21.980217 2.577429 64.874893
v -21.980217 -0.000071 64.874893
v -3.037498 -0.000092 -2.325424
v -2.845023 -0.000091 -0.124556
v -2.845023 2.577409 -0.124557
v -18.527222 2.577430 69.702705
v -20.702904 2.577430 69.319145
v -20.702904 -0.000070 69.319145
v -0.836860 2.577409 -2.517900
v -0.644155 2.577409 -0.317262
v -0.644155 -0.000091 -0.317261
v -1.480138 -0.000091 1.525459
v -1.863701 -0.000090 3.700912
v -1.863701 2.577410 3.700911
v -20.944826 5.177805 68.787010
v -21.947866 5.177804 66.818588
v -21.947866 2.600305 66.818588
v -3.037498 2.577409 -2.325425
v -0.836860 2.577409 -2.517900
v -0.836860 -0.000092 -2.517899
v -22.101755 2.577415 17.589375
v -24.302393 2.577415 17.396669
v -24.302393 -0.000086 17.396669
v -20.702904 2.577430 69.319145
v -20.319340 2.577430 67.143463
v -20.319340 -0.000071 67.143463
v -0.644155 -0.000091 -0.317261
v -0.836860 -0.000092 -2.517899
v -0.836860 2.577409 -2.517900
v -19.586872 2.577430 66.883049
v -21.787741 2.577430 67.075531
v -21.787741 -0.000071 67.075531
v -2.845023 2.577409 -0.124557
v -3.037498 2.577409 -2.325425
v -3.037498 -0.000092 -2.325424
v -24.302393 2.577415 17.396669
v -24.109917 2.577414 15.196031
v -24.109917 -0.000086 15.196032
v -24.109917 -0.000086 15.196032
v -24.302393 -0.000086 17.396669
v -24.302393 2.577415 17.396669
v -0.836860 -0.000092 -2.517899
v -3.037498 -0.000092 -2.325424
v -3.037498 2.577409 -2.325425
v -22.101755 -0.000086 17.589375
v -21.909048 -0.000086 15.388506
v -21.909048 2.577414 15.388505
v -21.947866 2.600305 66.818588
v -20.944826 2.600305 68.787010
v -20.944826 5.177805 68.787010
v -24.109917 2.577414 15.196031
v -21.909048 2.577414 15.388505
v -21.909048 -0.000086 15.388506
v 0.695545 -0.000090 1.909023
v -1.480138 -0.000091 1.525459
v -1.480138 2.577410 1.525458
v -1.863701 -0.000090 3.700912
v 0.311750 -0.000090 4.084705
v 0.311750 2.577410 4.084704
v 0.311750 2.577410 4.084704
v -1.863701 2.577410 3.700911
v -1.863701 -0.000090 3.700912
v 0.695545 2.577410 1.909022
v 0.311750 2.577410 4.084704
v 0.311750 -0.000090 4.084705
v -1.480138 2.577410 1.525458
v 0.695545 2.577410 1.909022
v 0.695545 -0.000090 1.909023
v -2.845023 -0.000091 -0.124556
v -0.644155 -0.000091 -0.317261
v -0.644155 2.577409 -0.317262
v -21.909048 2.577414 15.388505
v -22.101755 2.577415 17.589375
v -22.101755 -0.000086 17.589375
v -1.863701 2.577410 3.700911
v -1.480138 2.577410 1.525458
v -1.480138 -0.000091 1.525459
v -18.143658 2.577430 67.527023
v -18.527222 2.577430 69.702705
v -18.527222 -0.000070 69.702705
v -0.644155 2.577409 -0.317262
v -2.845023 2.577409 -0.124557
v -2.845023 -0.000091 -0.124556
v -18.976406 2.600305 67.783966
v -19.979448 2.600304 65.815544
v -19.979448 5.177804 65.815544
v -21.787741 -0.000071 67.075531
v -19.586872 -0.000071 66.883049
v -19.586872 2.577430 66.883049
v -20.319340 2.577430 67.143463
v -18.143658 2.577430 67.527023
v -18.143658 -0.000071 67.527023
v -19.979448 2.600304 65.815544
v -21.947866 2.600305 66.818588
v -21.947866 5.177804 66.818588
v -24.302393 -0.000086 17.396669
v -22.101755 -0.000086 17.589375
v -22.101755 2.577415 17.589375
v -18.527222 -0.000070 69.702705
v -18.143658 -0.000071 67.527023
v -18.143658 2.577430 67.527023
v -19.586872 -0.000071 66.883049
v -19.779579 -0.000071 64.682182
v -19.779579 2.577429 64.682419
v -19.779579 -0.000071 64.682182
v -21.980217 -0.000071 64.874893
v -21.980217 2.577429 64.874893
v -19.779579 2.577429 64.682419
v -19.586872 2.577430 66.883049
v -19.586872 -0.000071 66.883049
v -18.976406 5.177805 67.783966
v -20.944826 5.177805 68.787010
v -20.944826 2.600305 68.787010
v -18.527222 -0.000070 69.702705
v -19.979448 5.177804 65.815544
v -18.976406 5.177805 67.783966
v -18.976406 2.600305 67.783966
v -18.976406 2.600305 67.783966
v -18.143658 -0.000071 67.527023
v -20.319340 -0.000071 67.143463
v -20.319340 2.577430 67.143463
v -21.947866 5.177804 66.818588
v -19.979448 5.177804 65.815544
v -19.979448 2.600304 65.815544
v -21.980217 -0.000071 64.874893
v -21.787741 -0.000071 67.075531
v -21.787741 2.577430 67.075531
v -23.466410 1.302643 14.603819
v -23.727739 1.302642 11.615258
v -21.717499 1.302642 11.439420
v -21.053656 1.331063 11.462756
v -23.071524 1.331063 11.462756
v -23.071524 1.331064 14.462870
v -21.717499 2.633561 11.439419
v -23.727739 2.633561 11.615257
v -23.466410 2.633562 14.603818
v -21.053656 1.331064 14.462870
v -21.456167 2.633562 14.427980
v -21.224411 1.331062 10.607133
v -21.651876 1.331062 8.635015
v -24.583826 1.331062 9.270669
v -24.583826 1.331062 9.270669
v -24.156361 1.331063 11.242786
v -21.224411 1.331062 10.607133
v -21.717499 1.302642 11.439420
v -21.456167 1.302643 14.427981
v -23.466410 1.302643 14.603819
v -6.879139 12.616399 78.599983
v -11.333096 11.782724 78.599991
v -11.333096 11.782723 76.800018
v 14.878149 12.616136 -26.800014
v 19.332106 11.782692 -26.800014
v 19.332106 11.782693 -25.000038
v 19.332106 11.782709 26.799976
v 14.878149 12.616384 26.799976
v 14.878149 12.616383 25.000002
v 14.878149 12.616383 25.000002
v 19.332106 11.782708 25.000002
v 19.332106 11.782709 26.799976
v -11.333096 11.782708 25.000002
v -6.879139 12.616383 25.000002
v -6.879139 12.616384 26.799976
v -6.879139 12.616384 26.799976
v -11.333096 11.782709 26.799976
v -11.333096 11.782708 25.000002
v 14.878149 12.616398 76.800011
v 19.332106 11.782723 76.800018
v 19.332106 11.782724 78.599991
v -11.333096 11.782692 -26.800014
v -6.879139 12.616136 -26.800014
v -6.879139 12.616137 -25.000038
v 19.332106 11.782724 78.599991
v 14.878149 12.616399 78.599983
v 14.878149 12.616398 76.800011
v 19.332106 11.782693 -25.000038
v 14.878149 12.616137 -25.000038
v 14.878149 12.616136 -26.800014
v -11.333096 11.782723 76.800018
v -6.879139 12.616398 76.800011
v -6.879139 12.616399 78.599983
v -6.879139 12.616137 -25.000038
v -11.333096 11.782693 -25.000038
v -11.333096 11.782692 -26.800014
v 1.148196 1.331059 0.337337
v 3.116847 1.331059 0.684393
v 3.637661 1.331058 -2.269971
v 3.637661 1.331058 -2.269971
v 1.669010 1.331058 -2.617028
v 1.148196 1.331059 0.337337
v -17.536888 1.331079 66.057930
v -15.592499 1.331079 66.400826
v -15.071453 1.331078 63.446465
v -15.071453 1.331078 63.446465
v -17.015842 1.331078 63.103569
v -17.536888 1.331079 66.057930
v -11.333096 11.782693 -25.000038
v -15.302053 10.717265 -25.000038
v -15.302053 10.717264 -26.800014
v 19.332106 11.782708 25.000002
v 23.301062 10.717280 25.000002
v 23.301062 10.717281 26.799976
v -15.302053 10.717296 76.800018
v -11.333096 11.782723 76.800018
v -11.333096 11.782724 78.599991
v -11.333096 11.782709 26.799976
v -15.302053 10.717281 26.799976
v -15.302053 10.717280 25.000002
v 19.332106 11.782723 76.800018
v 23.301062 10.717296 76.800018
v 23.301062 10.717297 78.599991
v 23.301062 10.717281 26.799976
v 19.332106 11.782709 26.799976
v 19.332106 11.782708 25.000002
v -11.333096 11.782708 25.000002
v -11.333096 11.782724 78.599991
v -15.302053 10.717297 78.599991
v -15.302053 10.717296 76.800018
v 23.301062 10.717265 -25.000038
v 19.332106 11.782693 -25.000038
v 19.332106 11.782692 -26.800014
v 23.301062 10.717297 78.599991
v 19.332106 11.782724 78.599991
v 19.332106 11.782723 76.800018
v -11.333096 11.782692 -26.800014
v 23.301062 10.717264 -26.800014
v -18.916561 9.474842 -26.800014
v -15.302053 10.717264 -26.800014
v -15.302053 10.717265 -25.000038
v 26.915569 9.474874 78.599991
v 23.301062 10.717297 78.599991
v 23.301062 10.717296 76.800018
v 26.915569 9.474843 -25.000038
v 23.301062 10.717265 -25.000038
v 23.301062 10.717264 -26.800014
v 23.301062 10.717264 -26.800014
v 26.915569 9.474842 -26.800014
v 26.915569 9.474843 -25.000038
v -15.302053 10.717297 78.599991
v -18.916561 9.474874 78.599991
v -18.916561 9.474874 76.800018
v -18.916561 9.474858 25.000002
v -15.302053 10.717280 25.000002
v -15.302053 10.717281 26.799976
v 23.301062 10.717296 76.800018
v 26.915569 9.474874 76.800018
v 26.915569 9.474874 78.599991
v 23.301062 10.717280 25.000002
v 26.915569 9.474858 25.000002
v 26.915569 9.474859 26.799976
v 26.915569 9.474859 26.799976
v 23.301062 10.717281 26.799976
v 23.301062 10.717280 25.000002
v -15.302053 10.717281 26.799976
v -18.916561 9.474859 26.799976
v -18.916561 9.474858 25.000002
v -15.302053 10.717265 -25.000038
v -18.916561 9.474843 -25.000038
v -18.916561 9.474842 -26.800014
v -18.916561 9.474874 76.800018
v -15.302053 10.717296 76.800018
v -15.302053 10.717297 78.599991
v -18.916561 9.474874 78.599991
v -22.306246 8.109528 78.599991
v -22.306246 8.109527 76.800018
v -22.306246 8.109495 -26.800013
v -18.916561 9.474842 -26.800014
v -18.916561 9.474843 -25.000038
v -22.306246 8.109527 76.800018
v -18.916561 9.474874 76.800018
v -18.916561 9.474874 78.599991
v 30.305254 8.109496 -25.000036
v 26.915569 9.474843 -25.000038
v 26.915569 9.474842 -26.800014
v -18.916561 9.474859 26.799976
v -22.306246 8.109512 26.799978
v -22.306246 8.109511 25.000004
v 26.915569 9.474858 25.000002
v 30.305254 8.109511 25.000004
v 30.305254 8.109512 26.799978
v 30.305254 8.109512 26.799978
v 26.915569 9.474859 26.799976
v 26.915569 9.474858 25.000002
v -22.306246 8.109511 25.000004
v -18.916561 9.474858 25.000002
v -18.916561 9.474859 26.799976
v 30.305254 8.109528 78.599991
v 26.915569 9.474874 78.599991
v 26.915569 9.474874 76.800018
v -18.916561 9.474843 -25.000038
v -22.306246 8.109496 -25.000036
v -22.306246 8.109495 -26.800013
v 26.915569 9.474874 76.800018
v 30.305254 8.109527 76.800018
v 30.305254 8.109528 78.599991
v 26.915569 9.474842 -26.800014
v 30.305254 8.109495 -26.800013
v 30.305254 8.109496 -25.000036
v 0.695545 2.577410 1.909022
v -1.480138 2.577410 1.525458
v -1.863701 2.577410 3.700911
v -2.845023 2.577409 -0.124557
v -0.644155 2.577409 -0.317262
v -0.836860 2.577409 -2.517900
v -19.979448 5.177804 65.815544
v -21.947866 5.177804 66.818588
v -20.944826 5.177805 68.787010
v -0.836860 2.577409 -2.517900
v -3.037498 2.577409 -2.325425
v -2.845023 2.577409 -0.124557
v -18.143658 2.577430 67.527023
v -20.319340 2.577430 67.143463
v -20.702904 2.577430 69.319145
v -20.944826 5.177805 68.787010
v -18.976406 5.177805 67.783966
v -19.979448 5.177804 65.815544
v -24.302393 2.577415 17.396669
v -22.101755 2.577415 17.589375
v -21.909048 2.577414 15.388505
v -19.779579 2.577429 64.682419
v -21.980217 2.577429 64.874893
v -21.787741 2.577430 67.075531
v -19.586872 2.577430 66.883049
v -19.979448 2.600304 65.815544
v -18.976406 2.600305 67.783966
v -20.944826 2.600305 68.787010
v -21.947866 2.600305 66.818588
v 0.311750 2.577410 4.084704
v -21.909048 2.577414 15.388505
v -24.109917 2.577414 15.196031
v -24.302393 2.577415 17.396669
v -18.527222 2.577430 69.702705
v -24.991421 6.940782 -26.800013
v -22.306246 8.109495 -26.800013
v -22.306246 8.109496 -25.000036
v 32.990429 6.940814 78.599991
v 30.305254 8.109528 78.599991
v 30.305254 8.109527 76.800018
v -24.991421 6.940783 -25.000036
v -24.991421 6.940814 76.800018
v -22.306246 8.109527 76.800018
v -22.306246 8.109528 78.599991
v 30.305254 8.109511 25.000004
v 32.990429 6.940798 25.000004
v 32.990429 6.940798 26.799978
v -24.991421 6.940798 25.000004
v -22.306246 8.109511 25.000004
v -22.306246 8.109512 26.799978
v 30.305254 8.109527 76.800018
v 32.990429 6.940814 76.800018
v 32.990429 6.940814 78.599991
v 32.990429 6.940798 26.799978
v 30.305254 8.109512 26.799978
v 30.305254 8.109511 25.000004
v -22.306246 8.109512 26.799978
v -24.991421 6.940798 26.799978
v -24.991421 6.940798 25.000004
v 32.990429 6.940783 -25.000036
v 30.305254 8.109496 -25.000036
v 30.305254 8.109495 -26.800013
v 32.990429 6.940782 -26.800013
v -22.306246 8.109528 78.599991
v -24.991421 6.940814 78.599991
v -24.991421 6.940814 76.800018
v -24.991421 6.940814 78.599991
v -22.306246 8.109528 78.599991
v -15.515554 5.968966 78.599991
v 26.915569 9.474874 78.599991
v 30.305254 8.109528 78.599991
v 23.514101 8.109297 78.599991
v -22.306246 8.109528 78.599991
v -18.916561 9.474874 78.599991
v -15.516018 8.109297 78.599991
v -25.928146 0.134150 -20.433779
v -25.928146 0.134149 -21.838636
v -25.928146 2.944330 -21.838636
v 33.864769 3.023844 73.199379
v 33.864769 3.023843 71.794518
v 33.864769 0.213664 71.794518
v 33.864769 0.213664 73.199379
v -25.928146 2.944330 -20.433779
v 1.148196 1.331059 0.337337
v 1.669010 1.331058 -2.617028
v 1.669010 -0.000092 -2.617027
v 3.116847 -0.000091 0.684393
v 3.637661 -0.000092 -2.269970
v 3.637661 1.331058 -2.269971
v 3.637661 1.331058 -2.269971
v 3.116847 1.331059 0.684393
v 3.116847 -0.000091 0.684393
v -3.538903 -0.000090 3.922962
v -3.017858 -0.000091 0.968599
v -3.017858 1.331059 0.968599
v -23.071524 1.331064 14.462870
v -23.071524 1.331063 11.462756
v -23.071524 -0.000088 11.462756
v -17.536888 1.331079 66.057930
v -17.015842 1.331078 63.103569
v -17.015842 -0.000072 63.103569
v -21.456167 1.302643 14.427981
v -21.717499 1.302642 11.439420
v -21.717499 2.633561 11.439419
v -21.717499 2.633561 11.439419
v -21.456167 2.633562 14.427980
v -21.456167 1.302643 14.427981
v -23.466410 2.633562 14.603818
v -23.727739 2.633561 11.615257
v -23.727739 1.302642 11.615258
v -23.727739 1.302642 11.615258
v -23.466410 1.302643 14.603819
v -23.466410 2.633562 14.603818
v -21.224411 1.331062 10.607133
v -24.156361 1.331063 11.242786
v -24.156361 -0.000088 11.242786
v -23.071524 -0.000087 14.462870
v -21.053656 -0.000087 14.462870
v -21.053656 -0.000088 11.462756
v -21.053656 1.331063 11.462756
v -21.053656 1.331064 14.462870
v -5.196544 -0.000091 0.584343
v -5.717589 -0.000090 3.538707
v -5.717589 1.331060 3.538706
v -17.015842 -0.000072 63.103569
v -17.536888 -0.000071 66.057930
v -17.536888 1.331079 66.057930
v -3.017858 1.331059 0.968599
v -3.538903 1.331060 3.922962
v -3.538903 -0.000090 3.922962
v -5.717589 1.331060 3.538706
v -5.196544 1.331059 0.584343
v -5.196544 -0.000091 0.584343
v -24.156361 -0.000088 11.242786
v -21.224411 -0.000088 10.607133
v -21.224411 1.331062 10.607133
v -21.651876 -0.000088 8.635015
v -24.583826 -0.000088 9.270669
v -24.583826 1.331062 9.270669
v 1.669010 -0.000092 -2.617027
v 1.148196 -0.000091 0.337337
v 1.148196 1.331059 0.337337
v -24.583826 1.331062 9.270669
v -21.651876 1.331062 8.635015
v -21.651876 -0.000088 8.635015
v -15.071453 1.331078 63.446465
v -15.592499 1.331079 66.400826
v -15.592499 -0.000071 66.400826
v -15.592499 -0.000071 66.400826
v -15.071453 -0.000072 63.446465
v -15.071453 1.331078 63.446465
v -18.916561 9.474874 78.599991
v 3.999505 8.109066 78.599991
v -15.516018 8.109297 78.599991
v 26.915569 9.474874 78.599991
v 23.514101 8.109297 78.599991
v 3.999505 8.109066 78.599991
v -5.196544 1.331059 0.584343
v -3.017858 1.331059 0.968599
v -3.017858 -0.000091 0.968599
v -5.717589 -0.000090 3.538707
v -3.538903 -0.000090 3.922962
v -3.538903 1.331060 3.922962
v -3.017858 -0.000091 0.968599
v -5.196544 -0.000091 0.584343
v -5.196544 1.331059 0.584343
v -3.538903 1.331060 3.922962
v -5.717589 1.331060 3.538706
v -5.717589 -0.000090 3.538707
v 4.559599 0.017006 -4.999969
v 4.559599 0.017003 -15.000116
v 3.439409 0.017003 -15.000116
v 3.439409 0.017000 -25.000034
v 3.439409 0.017003 -15.000116
v 4.559599 0.017003 -15.000116
v 3.439409 0.017028 66.799873
v 3.439409 0.017031 76.800018
v 4.559599 0.017031 76.800018
v 4.559599 0.017000 -25.000034
v 3.439409 0.017025 56.799957
v 3.439409 0.017028 66.799873
v 4.559599 0.017028 66.799873
v 4.559599 0.017028 66.799873
v 3.439409 0.017006 -4.999969
v 3.439409 0.017010 4.999943
v 4.559599 0.017010 4.999943
v 4.559599 0.017019 36.799896
v 4.559599 0.017016 26.799980
v 3.439409 0.017016 26.799980
v 3.439409 0.017019 36.799896
v 4.559599 0.017022 46.800041
v 4.559599 0.017019 36.799896
v 3.439409 0.017019 36.799896
v 3.439409 0.017013 14.999859
v 3.439409 0.017016 25.000006
v 4.559599 0.017016 25.000006
v 4.559599 0.017013 14.999859
v 3.439409 0.017010 4.999943
v 3.439409 0.017013 14.999859
v 4.559599 0.017013 14.999859
v 3.439409 0.017022 46.800041
v 4.559599 0.017025 56.799957
v 4.559599 0.017022 46.800041
v 3.439409 0.017022 46.800041
v 3.439409 0.017006 -4.999969
v 3.439409 0.017025 56.799957
v 4.559599 0.017006 -4.999969
v 4.559599 0.017025 56.799957
v 4.559599 0.017010 4.999943
v -21.053656 -0.000088 11.462756
v -23.071524 -0.000088 11.462756
v -23.071524 1.331063 11.462756
v -23.071524 1.331063 11.462756
v -21.053656 1.331063 11.462756
v -21.053656 -0.000088 11.462756
v -23.727739 2.633561 11.615257
v -21.717499 2.633561 11.439419
v -21.717499 1.302642 11.439420
v -21.053656 1.331064 14.462870
v -23.071524 1.331064 14.462870
v -23.071524 -0.000087 14.462870
v -24.583826 -0.000088 9.270669
v -24.156361 -0.000088 11.242786
v -24.156361 1.331063 11.242786
v -21.224411 -0.000088 10.607133
v -21.651876 -0.000088 8.635015
v -21.651876 1.331062 8.635015
v -21.717499 1.302642 11.439420
v -23.727739 1.302642 11.615258
v -23.727739 2.633561 11.615257
v -21.456167 2.633562 14.427980
v -23.466410 2.633562 14.603818
v -23.466410 1.302643 14.603819
v -24.156361 1.331063 11.242786
v -24.583826 1.331062 9.270669
v -24.583826 -0.000088 9.270669
v -23.466410 1.302643 14.603819
v -21.456167 1.302643 14.427981
v -21.456167 2.633562 14.427980
v -21.651876 1.331062 8.635015
v -21.224411 1.331062 10.607133
v -21.224411 -0.000088 10.607133
v -23.071524 -0.000087 14.462870
v -21.053656 -0.000087 14.462870
v -21.053656 1.331064 14.462870
v 1.148196 -0.000091 0.337337
v 3.116847 -0.000091 0.684393
v 3.116847 1.331059 0.684393
v 3.637661 -0.000092 -2.269970
v 1.669010 -0.000092 -2.617027
v 1.669010 1.331058 -2.617028
v 1.669010 1.331058 -2.617028
v 3.637661 1.331058 -2.269971
v 3.637661 -0.000092 -2.269970
v 3.116847 1.331059 0.684393
v 1.148196 1.331059 0.337337
v 1.148196 -0.000091 0.337337
v -17.015842 1.331078 63.103569
v -15.071453 1.331078 63.446465
v -15.071453 -0.000072 63.446465
v -15.592499 1.331079 66.400826
v -17.536888 1.331079 66.057930
v -17.536888 -0.000071 66.057930
v -15.071453 -0.000072 63.446465
v -17.015842 -0.000072 63.103569
v -17.015842 1.331078 63.103569
v -17.536888 -0.000071 66.057930
v -15.592499 -0.000071 66.400826
v -15.592499 1.331079 66.400826
v -3.495232 1.450980 -0.694817
v -4.794264 1.450980 -1.444848
v -5.544293 1.450980 -0.145815
v -2.725332 2.815173 1.942294
v -3.689556 2.815172 0.793221
v -4.838628 2.815173 1.757445
v -3.689556 2.815172 0.793221
v -2.725332 2.815173 1.942294
v -2.725332 1.315117 1.942295
v -4.245261 1.450980 0.604214
v -5.544293 -0.048845 -0.145815
v -4.245261 -0.048845 0.604214
v -4.245261 1.450980 0.604214
v 1.230454 1.341919 -1.373447
v 0.970047 1.341919 0.103733
v 0.970047 2.841975 0.103732
v -5.544293 1.450980 -0.145815
v -4.794264 1.450980 -1.444848
v -4.794264 -0.048845 -1.444847
v 1.179389 1.466925 2.275257
v 1.439796 1.466924 0.797844
v 1.439796 -0.033133 0.797844
v -4.838628 2.815173 1.757445
v -3.874405 2.815173 2.906518
v -2.725332 2.815173 1.942294
v 2.656570 1.466925 2.535664
v 1.179389 1.466925 2.275257
v 1.179389 -0.033132 2.275257
v -4.794264 -0.048845 -1.444847
v -5.544293 -0.048845 -0.145815
v -5.544293 1.450980 -0.145815
v -3.495232 1.450980 -0.694817
v -4.245261 1.450980 0.604214
v -4.245261 -0.048845 0.604214
v -3.689556 1.315116 0.793222
v -4.838628 1.315117 1.757446
v -4.838628 2.815173 1.757445
v 2.707635 2.841975 -1.113042
v 1.230454 2.841975 -1.373448
v 0.970047 2.841975 0.103732
v 2.707635 2.841975 -1.113042
v 2.447228 2.841975 0.364139
v 2.447228 1.341919 0.364140
v 2.707635 1.341919 -1.113042
v 1.230454 1.341919 -1.373447
v 1.230454 2.841975 -1.373448
v -4.838628 1.315117 1.757446
v -3.689556 1.315116 0.793222
v -2.725332 1.315117 1.942295
v -4.245261 1.450980 0.604214
v -5.544293 1.450980 -0.145815
v -5.544293 -0.048845 -0.145815
v 2.656570 -0.033132 2.535664
v -4.838628 1.315117 1.757446
v -3.874405 1.315117 2.906519
v -3.874405 2.815173 2.906518
v -3.874405 2.815173 2.906518
v -4.838628 2.815173 1.757445
v -4.838628 1.315117 1.757446
v 1.439796 1.466924 0.797844
v 2.916978 1.466924 1.058483
v 2.916978 -0.033133 1.058483
v -2.725332 1.315117 1.942295
v -3.689556 1.315116 0.793222
v -3.689556 2.815172 0.793221
v 2.916978 1.466924 1.058483
v 2.656570 1.466925 2.535664
v 2.656570 -0.033132 2.535664
v -3.495232 -0.048845 -0.694817
v 2.707635 1.341919 -1.113042
v 2.447228 1.341919 0.364140
v 0.970047 1.341919 0.103733
v 0.970047 2.841975 0.103732
v 2.447228 2.841975 0.364139
v 2.707635 2.841975 -1.113042
v 2.916978 -0.033133 1.058483
v 1.439796 -0.033133 0.797844
v 1.439796 1.466924 0.797844
v -4.838628 2.815173 1.757445
v -3.689556 2.815172 0.793221
v -3.689556 1.315116 0.793222
v 2.707635 2.841975 -1.113042
v -3.874405 1.315117 2.906519
v -2.725332 1.315117 1.942295
v -2.725332 2.815173 1.942294
v -2.725332 2.815173 1.942294
v -3.874405 2.815173 2.906518
v -3.874405 1.315117 2.906519
v 2.447228 2.841975 0.364139
v 0.970047 2.841975 0.103732
v 0.970047 1.341919 0.103733
v 0.970047 1.341919 0.103733
v 2.447228 1.341919 0.364140
v 2.447228 2.841975 0.364139
v 1.439796 -0.033133 0.797844
v 1.179389 -0.033132 2.275257
v 1.179389 1.466925 2.275257
v 2.447228 1.341919 0.364140
v 2.707635 1.341919 -1.113042
v 2.707635 2.841975 -1.113042
v 0.970047 2.841975 0.103732
v 1.230454 2.841975 -1.373448
v 1.230454 1.341919 -1.373447
v 1.179389 1.466925 2.275257
v 2.656570 1.466925 2.535664
v 2.916978 1.466924 1.058483
v 1.439796 1.466924 0.797844
v -4.794264 1.450980 -1.444848
v -3.495232 1.450980 -0.694817
v -3.495232 -0.048845 -0.694817
v -2.725332 1.315117 1.942295
v -3.874405 1.315117 2.906519
v -4.838628 1.315117 1.757446
v 2.656570 -0.033132 2.535664
v 2.916978 -0.033133 1.058483
v 2.916978 1.466924 1.058483
v -3.495232 -0.048845 -0.694817
v -4.794264 -0.048845 -1.444847
v -4.794264 1.450980 -1.444848
v 0.970047 1.341919 0.103733
v 1.230454 1.341919 -1.373447
v 2.707635 1.341919 -1.113042
v 33.989544 5.968703 -25.000036
v 33.991161 7.595844 -25.000036
v 32.990429 6.940783 -25.000036
v -24.991421 6.940814 76.800018
v -25.992151 7.595875 76.800018
v -22.692581 9.031926 76.800018
v -22.692581 9.031912 26.799978
v -25.992151 7.595860 26.799978
v -24.991421 6.940798 26.799978
v 33.989544 5.968719 26.799978
v 33.991161 7.595860 26.799978
v 32.990429 6.940798 26.799978
v 32.990429 6.940814 76.800018
v 33.991161 7.595875 76.800018
v 33.989544 5.968734 76.800018
v 32.990429 6.940798 25.000004
v 33.991161 7.595860 25.000004
v 33.989544 5.968718 25.000004
v -24.991421 6.940798 25.000004
v -25.992151 7.595860 25.000004
v -22.692581 9.031911 25.000004
v -22.692581 9.031896 -25.000036
v -25.992151 7.595844 -25.000036
v -24.991421 6.940783 -25.000036
v -24.993038 0.007067 -15.000116
v -25.993538 0.014230 -15.000116
v -25.993538 0.014233 -4.999969
v 33.992546 0.014227 -25.000034
v 32.992046 0.007064 -25.000034
v 32.992046 0.007067 -15.000116
v 32.992046 0.007095 76.800018
v 33.992546 0.014258 76.800018
v 33.992546 0.014255 66.799873
v -25.993538 0.014246 36.799896
v -24.993038 0.007083 36.799896
v -24.993038 0.007080 26.799980
v 33.992546 0.014240 14.999859
v 32.992046 0.007077 14.999859
v 32.992046 0.007080 25.000006
v 33.992546 0.014237 4.999943
v 32.992046 0.007074 4.999943
v 32.992046 0.007077 14.999859
v -24.993038 0.007083 36.799896
v -25.993538 0.014246 36.799896
v -25.993305 0.014249 46.800041
v -25.993538 0.014230 -15.000116
v -24.993038 0.007067 -15.000116
v -24.993038 0.007064 -25.000034
v -24.993038 0.007080 26.799980
v -25.993538 0.014243 26.799980
v -25.993538 0.014246 36.799896
v 32.992046 0.007089 56.799957
v 33.992546 0.014252 56.799957
v 33.992546 0.014249 46.800041
v -25.993538 0.014233 -4.999969
v -24.993038 0.007070 -4.999969
v -24.993038 0.007067 -15.000116
v 33.992546 0.014249 46.800041
v 32.992046 0.007086 46.799809
v 32.992046 0.007089 56.799957
v -25.993305 0.014255 66.799873
v -24.993038 0.007092 66.799873
v -24.993038 0.007089 56.799957
v -25.993305 0.014252 56.799957
v -24.993038 0.007089 56.799957
v -24.993038 0.007086 46.800041
v 32.992046 0.007074 4.999943
v 33.992546 0.014237 4.999943
v 33.992546 0.014233 -4.999969
v 33.992546 0.014255 66.799873
v 32.992046 0.007092 66.799873
v 32.992046 0.007095 76.800018
v -24.993038 0.007074 4.999943
v -25.993538 0.014237 4.999943
v -25.993538 0.014240 14.999859
v 32.992046 0.007077 14.999859
v 33.992546 0.014240 14.999859
v 33.992546 0.014237 4.999943
v -24.993038 0.007089 56.799957
v -25.993305 0.014252 56.799957
v -25.993305 0.014255 66.799873
v 32.992046 0.007070 -4.999969
v 33.992546 0.014233 -4.999969
v 33.992546 0.014230 -15.000116
v -25.993538 0.014240 14.999859
v -24.993038 0.007077 14.999859
v -24.993038 0.007074 4.999943
v 33.992546 0.014252 56.799957
v 32.992046 0.007089 56.799957
v 32.992046 0.007092 66.799873
v 33.992546 0.014233 -4.999969
v 32.992046 0.007070 -4.999969
v 32.992046 0.007074 4.999943
v 33.992546 0.014246 36.799896
v 32.992046 0.007083 36.799896
v 32.992046 0.007086 46.799809
v -24.993038 0.007077 14.999859
v -25.993538 0.014240 14.999859
v -25.993538 0.014243 25.000006
v 32.992046 0.007080 25.000006
v 33.992546 0.014243 25.000006
v 33.992546 0.014240 14.999859
v -24.993038 0.007086 46.800041
v -25.993305 0.014249 46.800041
v -25.993305 0.014252 56.799957
v -25.993538 0.014237 4.999943
v -24.993038 0.007074 4.999943
v -24.993038 0.007070 -4.999969
v -25.993538 0.014243 25.000006
v -24.993038 0.007080 25.000006
v -24.993038 0.007077 14.999859
v -25.993305 0.014249 46.800041
v -24.993038 0.007086 46.800041
v -24.993038 0.007083 36.799896
v 32.992046 0.007092 66.799873
v 33.992546 0.014255 66.799873
v 33.992546 0.014252 56.799957
v -24.993038 0.007070 -4.999969
v -25.993538 0.014233 -4.999969
v -25.993538 0.014237 4.999943
v 32.992046 0.007086 46.799809
v 33.992546 0.014249 46.800041
v 33.992546 0.014246 36.799896
v 32.992046 0.007083 36.799896
v 33.992546 0.014246 36.799896
v 33.992546 0.014243 26.799980
v -25.993305 0.014258 76.800018
v -24.993038 0.007095 76.800018
v -24.993038 0.007092 66.799873
v 33.992546 0.014243 26.799980
v 32.992046 0.007080 26.799980
v 32.992046 0.007083 36.799896
v -24.993038 0.007092 66.799873
v -25.993305 0.014255 66.799873
v -25.993305 0.014258 76.800018
v -24.993038 0.007064 -25.000034
v -25.993538 0.014227 -25.000034
v -25.993538 0.014230 -15.000116
v 32.992046 0.007067 -15.000116
v 33.992546 0.014230 -15.000116
v 33.992546 0.014227 -25.000034
v 33.992546 0.014230 -15.000116
v 32.992046 0.007067 -15.000116
v 32.992046 0.007070 -4.999969
v -1.810557 13.160303 25.000002
v -1.880800 14.158491 25.000002
v 3.999505 14.355587 25.000002
v 3.999505 14.355588 26.799976
v -1.880800 14.158492 26.799976
v -1.810557 13.160304 26.799976
v -1.810557 13.160318 76.800011
v -1.880800 14.158506 76.800011
v 3.999505 14.355602 76.800011
v 3.999505 14.355572 -25.000038
v -1.880800 14.158476 -25.000038
v -1.810557 13.160288 -25.000038
v 3.999505 13.355103 76.800011
v 3.999505 14.355602 76.800011
v 9.879808 14.158506 76.800011
v 9.879808 14.158492 26.799976
v 3.999505 14.355588 26.799976
v 3.999505 13.355088 26.799976
v 3.999505 13.355087 25.000002
v 3.999505 14.355587 25.000002
v 9.879808 14.158491 25.000002
v 9.879808 14.158476 -25.000038
v 3.999505 14.355572 -25.000038
v 3.999505 13.355072 -25.000038
v -1.880800 14.158492 26.799976
v -7.024708 13.606484 26.799976
v -6.879139 12.616384 26.799976
v -6.879139 12.616383 25.000002
v -7.024708 13.606483 25.000002
v -1.880800 14.158491 25.000002
v -1.880800 14.158476 -25.000038
v -7.024708 13.606468 -25.000038
v -6.879139 12.616137 -25.000038
v -6.879139 12.616398 76.800011
v -7.024708 13.606499 76.800011
v -1.880800 14.158506 76.800011
v 9.809566 13.160303 25.000002
v 9.879808 14.158491 25.000002
v 15.023718 13.606483 25.000002
v 15.023718 13.606484 26.799976
v 9.879808 14.158492 26.799976
v 9.809566 13.160304 26.799976
v 9.809566 13.160318 76.800011
v 9.879808 14.158506 76.800011
v 15.023718 13.606499 76.800011
v 15.023718 13.606468 -25.000038
v 9.879808 14.158476 -25.000038
v 9.809566 13.160288 -25.000038
v 33.992546 0.014243 25.000006
v 32.992046 0.007080 25.000006
v 32.989506 5.968949 25.000004
v 33.992546 0.014258 76.800018
v 32.992046 0.007095 76.800018
v 32.989506 5.968965 76.800018
v 32.989506 5.968934 -25.000036
v 32.992046 0.007064 -25.000034
v 33.992546 0.014227 -25.000034
v 32.989506 5.968950 26.799978
v 32.992046 0.007080 26.799980
v 33.992546 0.014243 26.799980
v -25.990534 5.968734 76.800018
v -24.990496 5.968965 76.800018
v -24.993038 0.007095 76.800018
v -25.990534 5.968718 25.000004
v -24.990496 5.968949 25.000004
v -24.993038 0.007080 25.000006
v -24.993038 0.007080 26.799980
v -24.990496 5.968950 26.799978
v -25.990534 5.968719 26.799978
v -24.993038 0.007064 -25.000034
v -24.990496 5.968934 -25.000036
v -25.990534 5.968703 -25.000036
v 33.992546 0.014243 26.799980
v 33.989544 5.968719 26.799978
v 32.989506 5.968950 26.799978
v 32.989506 5.968949 25.000004
v 33.989544 5.968718 25.000004
v 33.992546 0.014243 25.000006
v 32.989506 5.968965 76.800018
v 33.989544 5.968734 76.800018
v 33.992546 0.014258 76.800018
v 33.992546 0.014227 -25.000034
v 33.989544 5.968703 -25.000036
v 32.989506 5.968934 -25.000036
v -24.993038 0.007080 25.000006
v -25.993538 0.014243 25.000006
v -25.990534 5.968718 25.000004
v -25.990534 5.968719 26.799978
v -25.993538 0.014243 26.799980
v -24.993038 0.007080 26.799980
v -25.990534 5.968703 -25.000036
v -25.993538 0.014227 -25.000034
v -24.993038 0.007064 -25.000034
v -24.993038 0.007095 76.800018
v -25.993305 0.014258 76.800018
v -25.990534 5.968734 76.800018
v 14.878149 12.616398 76.800011
v 15.023718 13.606499 76.800011
v 19.554155 12.758501 76.800011
v 19.554155 12.758487 26.799976
v 15.023718 13.606484 26.799976
v 14.878149 12.616384 26.799976
v 14.878149 12.616383 25.000002
v 15.023718 13.606483 25.000002
v 19.554155 12.758486 25.000002
v -11.333096 11.782708 25.000002
v -11.555147 12.758486 25.000002
v -7.024708 13.606483 25.000002
v 19.554155 12.758471 -25.000038
v 15.023718 13.606468 -25.000038
v 14.878149 12.616137 -25.000038
v -7.024708 13.606468 -25.000038
v -11.555147 12.758471 -25.000038
v -11.333096 11.782693 -25.000038
v -7.024708 13.606484 26.799976
v -11.555147 12.758487 26.799976
v -11.333096 11.782709 26.799976
v -11.333096 11.782723 76.800018
v -11.555147 12.758501 76.800011
v -7.024708 13.606499 76.800011
v 19.332106 11.782723 76.800018
v 19.554155 12.758501 76.800011
v 23.593586 11.674125 76.800018
v 19.332106 11.782708 25.000002
v 19.554155 12.758486 25.000002
v 23.593586 11.674109 25.000002
v 23.593586 11.674110 26.799976
v 19.554155 12.758487 26.799976
v 19.332106 11.782709 26.799976
v 23.593586 11.674094 -25.000038
v 19.554155 12.758471 -25.000038
v 19.332106 11.782693 -25.000038
v -15.302053 10.717280 25.000002
v -15.594578 11.674109 25.000002
v -11.555147 12.758486 25.000002
v -11.555147 12.758487 26.799976
v -15.594578 11.674110 26.799976
v -15.302053 10.717281 26.799976
v -15.302053 10.717296 76.800018
v -15.594578 11.674125 76.800018
v -11.555147 12.758501 76.800011
v -11.555147 12.758471 -25.000038
v -15.594578 11.674094 -25.000038
v -15.302053 10.717265 -25.000038
v 3.999505 14.355602 76.800011
v 3.999505 13.355103 76.800011
v -1.810557 13.160318 76.800011
v 3.999505 14.355587 25.000002
v 3.999505 13.355087 25.000002
v -1.810557 13.160303 25.000002
v -1.810557 13.160304 26.799976
v 3.999505 13.355088 26.799976
v 3.999505 14.355588 26.799976
v -1.810557 13.160288 -25.000038
v 3.999505 13.355072 -25.000038
v 3.999505 14.355572 -25.000038
v 3.999505 13.355088 26.799976
v 9.809566 13.160304 26.799976
v 9.879808 14.158492 26.799976
v 9.879808 14.158491 25.000002
v 9.809566 13.160303 25.000002
v 3.999505 13.355087 25.000002
v 3.999505 13.355072 -25.000038
v 9.809566 13.160288 -25.000038
v 9.879808 14.158476 -25.000038
v 9.879808 14.158506 76.800011
v 9.809566 13.160318 76.800011
v 3.999505 13.355103 76.800011
v 23.301062 10.717280 25.000002
v 23.593586 11.674109 25.000002
v 27.265167 10.412047 25.000002
v 27.265167 10.412048 26.799976
v 23.593586 11.674110 26.799976
v 23.301062 10.717281 26.799976
v 23.301062 10.717296 76.800018
v 23.593586 11.674125 76.800018
v 27.265167 10.412063 76.800018
v 27.265167 10.412032 -25.000038
v 23.593586 11.674094 -25.000038
v 23.301062 10.717265 -25.000038
v -1.880800 14.158506 76.800011
v -1.810557 13.160318 76.800011
v -6.879139 12.616398 76.800011
v -6.879139 12.616384 26.799976
v -1.810557 13.160304 26.799976
v -1.880800 14.158492 26.799976
v -1.880800 14.158491 25.000002
v -1.810557 13.160303 25.000002
v -6.879139 12.616383 25.000002
v -18.916561 9.474874 76.800018
v -19.266159 10.412063 76.800018
v -15.594578 11.674125 76.800018
v -15.594578 11.674110 26.799976
v -19.266159 10.412048 26.799976
v -18.916561 9.474859 26.799976
v -18.916561 9.474858 25.000002
v -19.266159 10.412047 25.000002
v -15.594578 11.674109 25.000002
v -6.879139 12.616137 -25.000038
v -1.810557 13.160288 -25.000038
v -1.880800 14.158476 -25.000038
v -15.594578 11.674094 -25.000038
v -19.266159 10.412032 -25.000038
v -18.916561 9.474843 -25.000038
v 15.023718 13.606499 76.800011
v 14.878149 12.616398 76.800011
v 9.809566 13.160318 76.800011
v 15.023718 13.606483 25.000002
v 14.878149 12.616383 25.000002
v 9.809566 13.160303 25.000002
v 9.809566 13.160288 -25.000038
v 14.878149 12.616137 -25.000038
v 15.023718 13.606468 -25.000038
v 9.809566 13.160304 26.799976
v 14.878149 12.616384 26.799976
v 15.023718 13.606484 26.799976
v 30.691589 9.031896 -25.000036
v 27.265167 10.412032 -25.000038
v 26.915569 9.474843 -25.000038
v 30.691589 9.031912 26.799978
v 27.265167 10.412048 26.799976
v 26.915569 9.474859 26.799976
v 26.915569 9.474874 76.800018
v 27.265167 10.412063 76.800018
v 30.691589 9.031926 76.800018
v 26.915569 9.474858 25.000002
v 27.265167 10.412047 25.000002
v 30.691589 9.031911 25.000004
v 14.878149 12.616137 -25.000038
v 19.332106 11.782693 -25.000038
v 19.554155 12.758471 -25.000038
v -22.306246 8.109527 76.800018
v -22.692581 9.031926 76.800018
v -19.266159 10.412063 76.800018
v 14.878149 12.616384 26.799976
v 19.332106 11.782709 26.799976
v 19.554155 12.758487 26.799976
v 19.554155 12.758501 76.800011
v 19.332106 11.782723 76.800018
v 14.878149 12.616398 76.800011
v -11.333096 11.782693 -25.000038
v -6.879139 12.616137 -25.000038
v -7.024708 13.606468 -25.000038
v 19.554155 12.758486 25.000002
v 19.332106 11.782708 25.000002
v 14.878149 12.616383 25.000002
v -11.333096 11.782709 26.799976
v -6.879139 12.616384 26.799976
v -7.024708 13.606484 26.799976
v -19.266159 10.412048 26.799976
v -22.692581 9.031912 26.799978
v -22.306246 8.109512 26.799978
v -7.024708 13.606483 25.000002
v -6.879139 12.616383 25.000002
v -11.333096 11.782708 25.000002
v -22.306246 8.109511 25.000004
v -22.692581 9.031911 25.000004
v -19.266159 10.412047 25.000002
v -7.024708 13.606499 76.800011
v -6.879139 12.616398 76.800011
v -11.333096 11.782723 76.800018
v -19.266159 10.412032 -25.000038
v -22.692581 9.031896 -25.000036
v -22.306246 8.109496 -25.000036
v 30.305254 8.109511 25.000004
v 30.691589 9.031911 25.000004
v 33.991161 7.595860 25.000004
v 33.991161 7.595860 26.799978
v 30.691589 9.031912 26.799978
v 30.305254 8.109512 26.799978
v -24.990496 5.968966 78.599991
v -24.991421 6.940814 78.599991
v -15.515554 5.968966 78.599991
v 32.990429 6.940814 78.599991
v 32.989506 5.968966 78.599991
v 23.514563 5.968966 78.599991
v 33.991161 7.595844 -25.000036
v 30.691589 9.031896 -25.000036
v 30.305254 8.109496 -25.000036
v 30.305254 8.109527 76.800018
v 30.691589 9.031926 76.800018
v 33.991161 7.595875 76.800018
v 32.989506 5.968934 -26.800013
v 32.990429 6.940782 -26.800013
v 23.514563 5.968934 -26.800013
v 23.593586 11.674125 76.800018
v 23.301062 10.717296 76.800018
v 19.332106 11.782723 76.800018
v 23.593586 11.674109 25.000002
v 23.301062 10.717280 25.000002
v 19.332106 11.782708 25.000002
v 19.332106 11.782709 26.799976
v 23.301062 10.717281 26.799976
v 23.593586 11.674110 26.799976
v 19.332106 11.782693 -25.000038
v 23.301062 10.717265 -25.000038
v 23.593586 11.674094 -25.000038
v -11.555147 12.758486 25.000002
v -11.333096 11.782708 25.000002
v -15.302053 10.717280 25.000002
v -15.302053 10.717281 26.799976
v -11.333096 11.782709 26.799976
v -11.555147 12.758487 26.799976
v -11.555147 12.758501 76.800011
v -11.333096 11.782723 76.800018
v -15.302053 10.717296 76.800018
v -15.302053 10.717265 -25.000038
v -11.333096 11.782693 -25.000038
v -11.555147 12.758471 -25.000038
v 27.265167 10.412063 76.800018
v 26.915569 9.474874 76.800018
v 23.301062 10.717296 76.800018
v 23.301062 10.717281 26.799976
v 26.915569 9.474859 26.799976
v 27.265167 10.412048 26.799976
v 26.915569 9.474843 -25.000038
v 30.305254 8.109496 -25.000036
v 30.691589 9.031896 -25.000036
v 30.691589 9.031926 76.800018
v 30.305254 8.109527 76.800018
v 26.915569 9.474874 76.800018
v 23.301062 10.717265 -25.000038
v 26.915569 9.474843 -25.000038
v 27.265167 10.412032 -25.000038
v 27.265167 10.412047 25.000002
v 26.915569 9.474858 25.000002
v 23.301062 10.717280 25.000002
v 30.691589 9.031911 25.000004
v 30.305254 8.109511 25.000004
v 26.915569 9.474858 25.000002
v 26.915569 9.474859 26.799976
v 30.305254 8.109512 26.799978
v 30.691589 9.031912 26.799978
v -15.594578 11.674109 25.000002
v -15.302053 10.717280 25.000002
v -18.916561 9.474858 25.000002
v -18.916561 9.474843 -25.000038
v -15.302053 10.717265 -25.000038
v -15.594578 11.674094 -25.000038
v -18.916561 9.474859 26.799976
v -15.302053 10.717281 26.799976
v -15.594578 11.674110 26.799976
v -15.594578 11.674125 76.800018
v -15.302053 10.717296 76.800018
v -18.916561 9.474874 76.800018
v -19.266159 10.412047 25.000002
v -18.916561 9.474858 25.000002
v -22.306246 8.109511 25.000004
v -19.266159 10.412063 76.800018
v -18.916561 9.474874 76.800018
v -22.306246 8.109527 76.800018
v -22.306246 8.109496 -25.000036
v -18.916561 9.474843 -25.000038
v -19.266159 10.412032 -25.000038
v -22.306246 8.109512 26.799978
v -18.916561 9.474859 26.799976
v -19.266159 10.412048 26.799976
v 4.559599 0.017031 76.800018
v 3.439409 0.017031 76.800018
v 3.439409 0.017032 78.599991
v 4.559599 0.017000 -26.800011
v 3.439409 0.017000 -26.800011
v 3.439409 0.017000 -25.000034
v 4.559599 0.017000 -25.000034
v 3.439409 0.017016 26.799980
v 4.559599 0.017016 26.799980
v 4.559599 0.017016 25.000006
v 3.439409 0.017016 25.000006
v 4.559599 0.017032 78.599991
v -22.692581 9.031926 76.800018
v -22.306246 8.109527 76.800018
v -24.991421 6.940814 76.800018
v -22.692581 9.031911 25.000004
v -22.306246 8.109511 25.000004
v -24.991421 6.940798 25.000004
v -24.991421 6.940798 26.799978
v -22.306246 8.109512 26.799978
v -22.692581 9.031912 26.799978
v -24.991421 6.940783 -25.000036
v -22.306246 8.109496 -25.000036
v -22.692581 9.031896 -25.000036
v -24.991421 6.940783 -25.000036
v -24.990496 5.968934 -25.000036
v -24.990496 5.968934 -26.800013
v -24.991421 6.940814 78.599991
v -24.990496 5.968966 78.599991
v -24.990496 5.968965 76.800018
v 32.989506 5.968950 26.799978
v 32.990429 6.940798 26.799978
v 32.990429 6.940798 25.000004
v 32.990429 6.940798 25.000004
v 32.989506 5.968949 25.000004
v 32.989506 5.968950 26.799978
v -24.990496 5.968965 76.800018
v -24.991421 6.940814 76.800018
v -24.991421 6.940814 78.599991
v -24.990496 5.968949 25.000004
v -24.991421 6.940798 25.000004
v -24.991421 6.940798 26.799978
v -24.991421 6.940798 26.799978
v -24.990496 5.968950 26.799978
v -24.990496 5.968949 25.000004
v 32.990429 6.940814 76.800018
v 32.989506 5.968965 76.800018
v 32.989506 5.968966 78.599991
v -24.990496 5.968934 -26.800013
v -24.991421 6.940782 -26.800013
v -24.991421 6.940783 -25.000036
v 32.989506 5.968966 78.599991
v 32.990429 6.940814 78.599991
v 32.990429 6.940814 76.800018
v 32.989506 5.968934 -25.000036
v 32.990429 6.940783 -25.000036
v 32.990429 6.940782 -26.800013
v 32.990429 6.940782 -26.800013
v 32.989506 5.968934 -26.800013
v 32.989506 5.968934 -25.000036
v -24.990496 5.968965 76.800018
v -25.990534 5.968734 76.800018
v -25.992151 7.595875 76.800018
v -24.990496 5.968949 25.000004
v -25.990534 5.968718 25.000004
v -25.992151 7.595860 25.000004
v -25.992151 7.595860 26.799978
v -25.990534 5.968719 26.799978
v -24.990496 5.968950 26.799978
v -25.992151 7.595844 -25.000036
v -25.990534 5.968703 -25.000036
v -24.990496 5.968934 -25.000036
v 30.305254 8.109528 78.599991
v 32.990429 6.940814 78.599991
v 23.514101 8.109297 78.599991
v 33.991161 7.595875 76.800018
v 32.990429 6.940814 76.800018
v 30.305254 8.109527 76.800018
v 30.305254 8.109496 -25.000036
v 32.990429 6.940783 -25.000036
v 33.991161 7.595844 -25.000036
v 33.991161 7.595860 25.000004
v 32.990429 6.940798 25.000004
v 30.305254 8.109511 25.000004
v 30.305254 8.109512 26.799978
v 32.990429 6.940798 26.799978
v 33.991161 7.595860 26.799978
v -22.306246 8.109495 -26.800013
v -24.991421 6.940782 -26.800013
v -24.990496 5.968934 -26.800013
v 32.953228 0.499921 -23.371965
v 32.180557 0.499921 -23.579000
v 31.662745 0.499922 -21.647085
v 32.552567 0.999940 -23.550810
v 31.779892 0.999940 -23.757841
v 31.262314 0.999941 -21.825930
v 31.683310 0.999940 -23.783720
v 30.910637 0.999940 -23.990751
v 30.392826 0.999940 -22.058840
v 33.422054 0.999940 -23.317900
v 32.649151 0.999940 -23.524931
v 32.131569 0.999941 -21.593019
v 32.131569 0.499922 -21.593019
v 32.649151 0.499921 -23.524931
v 33.422054 0.499921 -23.317900
v 30.835772 0.499921 -24.097965
v 30.318193 0.499921 -22.166052
v 29.545290 0.499921 -22.373083
v 29.545290 0.999940 -22.373083
v 30.318193 0.999940 -22.166052
v 30.835772 0.999940 -24.097965
v 31.262314 0.499921 -21.825930
v 31.779892 0.499921 -23.757841
v 32.552567 0.499921 -23.550810
v 30.392826 0.499921 -22.058840
v 30.910637 0.499921 -23.990751
v 31.683310 0.499921 -23.783720
v 32.034985 0.999941 -21.618898
v 32.206665 1.499958 -23.557047
v 31.433992 1.499958 -23.764078
v 30.916182 1.499959 -21.832167
v 30.916182 0.999941 -21.832167
v 31.433992 0.999940 -23.764078
v 32.206665 0.999940 -23.557047
v 31.165730 0.999941 -21.851809
v 31.214483 0.499921 -23.837790
v 30.441811 0.499921 -24.044823
v 29.924231 0.499921 -22.112909
v 33.422054 0.499921 -23.317900
v 32.904243 0.499922 -21.385988
v 32.131569 0.499922 -21.593019
v 33.097641 0.999940 -23.404779
v 32.580063 0.999941 -21.472864
v 31.807158 0.999941 -21.679899
v 32.101765 0.499921 -23.671656
v 31.329090 0.499921 -23.878687
v 30.811279 0.499921 -21.946775
v 3.606236 0.499930 5.047773
v 1.967774 0.499929 3.900549
v 2.426663 0.499929 3.245256
v 3.606236 0.999949 5.047773
v 4.065126 0.999948 4.392481
v 2.426663 0.999948 3.245256
v 2.426663 0.499929 3.245256
v 4.065126 0.499929 4.392481
v 3.606236 0.499930 5.047773
v -18.658464 0.999965 57.541901
v -19.458403 0.999965 57.541901
v -19.458403 0.999965 59.541977
v 4.615747 0.499929 3.987198
v 4.998156 0.499929 3.284536
v 3.241620 0.499929 2.328402
v -19.818859 0.499945 57.087631
v -19.818859 0.499945 55.087784
v -19.018690 0.499945 55.087784
v 31.389166 0.999940 -23.983358
v 30.871588 0.999940 -22.051447
v 30.098684 0.999940 -22.258478
v 31.389166 1.499958 -23.983358
v 30.616493 1.499958 -24.190392
v 30.098684 1.499958 -22.258478
v 30.616493 0.999940 -24.190392
v -18.118704 0.999964 55.087784
v -18.918871 0.999964 55.087784
v -18.918871 0.999964 57.087631
v 2.990918 0.499929 3.111471
v 2.532028 0.499929 3.766994
v 4.170259 0.499930 4.913989
v -0.158000 0.499927 -4.923951
v -0.930902 0.499927 -4.716919
v -0.413092 0.499927 -2.785007
v -18.454668 0.999964 55.254150
v -18.454668 0.999964 57.254227
v -19.254604 0.999964 57.254227
v -19.818859 0.999964 57.087631
v -19.018690 0.999964 57.087631
v -19.018690 0.999964 55.087784
v -19.018690 0.499945 57.087631
v -19.818859 0.999964 55.087784
v -19.558453 0.999965 57.541901
v -20.358389 0.999965 57.541901
v -20.358389 0.999965 59.541977
v -20.358389 0.499946 59.541977
v -20.358389 0.499945 57.541901
v -19.558453 0.499945 57.541901
v -20.254642 1.499982 55.087784
v -21.054581 1.499982 55.087784
v -21.054581 1.499982 57.087631
v 29.072767 0.499921 -22.412596
v 29.845440 0.499921 -22.205564
v 30.363018 0.499921 -24.137478
v -17.758476 0.499945 57.541901
v -17.758476 0.499946 59.541977
v -18.558414 0.499946 59.541977
v 0.359580 0.499927 -2.992039
v -20.818666 0.499945 55.087784
v -20.818666 0.499945 57.087631
v -21.618835 0.499945 57.087631
v 30.063101 0.999940 -24.305000
v 29.545290 0.499921 -22.373083
v 30.063101 0.499921 -24.305000
v 30.835772 0.499921 -24.097965
v 29.590347 0.499921 -24.344509
v -21.285643 0.499945 54.972946
v -22.085581 0.499945 54.972946
v -22.085581 0.499945 56.973022
v 2.802371 0.999948 2.819639
v 4.440602 0.999948 3.966633
v 3.981713 0.999949 4.622156
v -19.125210 0.499945 57.541901
v -19.925148 0.499945 57.541901
v -19.925148 0.499946 59.541977
v -18.994198 1.499982 57.619537
v -19.794136 1.499982 57.619537
v -19.794136 1.499983 59.619614
v -19.794136 0.999965 59.619614
v -19.794136 0.999965 57.619537
v -18.994198 0.999965 57.619537
v -18.118704 0.999964 57.087631
v -18.118704 0.499945 55.087784
v -18.118704 0.499945 57.087631
v -18.918871 0.499945 57.087631
v 1.967774 0.999948 3.900549
v 4.170259 0.499930 4.913989
v 4.629149 0.499929 4.258697
v 2.990918 0.499929 3.111471
v -18.454668 1.499982 55.254150
v -19.254604 1.499982 55.254150
v -19.254604 1.499982 57.254227
v -19.254604 0.999964 55.254150
v -19.458403 0.499946 59.541977
v -19.458403 0.499945 57.541901
v -18.658464 0.499945 57.541901
v -19.385618 0.499945 56.973022
v -18.585680 0.499945 56.973022
v -18.585680 0.499945 54.972946
v 3.981713 0.999949 4.622156
v 2.343481 0.999948 3.474932
v 2.802371 0.999948 2.819639
v 2.382993 0.499929 3.685431
v 1.871652 0.499929 4.300519
v 3.409371 0.499930 5.579216
v 1.012793 0.999946 -5.122666
v 0.239890 0.999946 -4.915635
v 0.757701 0.999946 -2.983723
v 4.269847 0.999948 4.413969
v 4.728737 0.999948 3.758677
v 3.090506 0.999948 2.611452
v 0.757701 0.499927 -2.983723
v 0.239890 0.499927 -4.915635
v 1.012793 0.499927 -5.122665
v -18.994198 1.499983 59.619614
v -20.025198 0.499945 57.541901
v -20.825136 0.499945 57.541901
v -20.825136 0.499946 59.541977
v 1.012793 0.499927 -5.122665
v 1.530373 0.499927 -3.190755
v 0.757701 0.499927 -2.983723
v -21.618835 0.999964 57.087631
v -20.818666 0.999964 57.087631
v -20.818666 0.999964 55.087784
v 0.207310 0.999946 -4.651067
v -0.565362 0.999946 -4.444036
v -0.047782 0.999946 -2.512124
v -0.047782 0.499927 -2.512124
v -0.565362 0.499927 -4.444036
v 0.207310 0.499927 -4.651066
v -20.285604 0.499945 57.087631
v -19.485668 0.499945 57.087631
v -19.485668 0.499945 55.087784
v -18.918871 0.499945 55.087784
v -18.454668 1.499982 57.254227
v 32.435650 0.499922 -21.440054
v -20.285604 0.499945 55.087784
v 0.324690 0.499927 -2.796329
v 1.097362 0.499927 -3.003362
v 0.579782 0.499927 -4.935043
v -21.054581 0.999964 57.087631
v -21.054581 0.999964 55.087784
v -20.254642 0.999964 55.087784
v -18.225224 0.499945 57.541901
v -19.025160 0.499945 57.541901
v -19.025160 0.499946 59.541977
v -18.558414 0.999965 59.541977
v -17.758476 0.999965 59.541977
v -17.758476 0.999965 57.541901
v -20.385654 0.499945 55.087784
v -21.185593 0.499945 55.087784
v -21.185593 0.499945 57.087631
v -20.385654 0.499945 57.087631
v -20.254642 1.499982 57.087631
v -20.254642 0.999964 57.087631
v -19.918678 0.999964 55.087784
v -20.718847 0.999964 55.087784
v -20.718847 0.999964 57.087631
v -20.718847 0.499945 57.087631
v -20.718847 0.499945 55.087784
v -19.918678 0.499945 55.087784
v 2.859212 0.499929 3.031061
v -18.658464 0.999965 59.541977
v -20.025198 0.499946 59.541977
v 3.981713 1.499967 4.622156
v 4.440602 1.499966 3.966633
v 2.802371 1.499966 2.819639
v 3.920943 0.499930 4.964128
v -17.325235 0.499945 57.541901
v -18.125174 0.499945 57.541901
v -18.125174 0.499946 59.541977
v -19.918678 0.499945 57.087631
v -19.918678 0.999964 57.087631
v -17.685461 0.499945 55.087784
v -18.485630 0.499945 55.087784
v -18.485630 0.499945 57.087631
v 31.584183 0.499921 -21.739744
v -21.618835 0.499945 55.087784
v 2.802371 1.499966 2.819639
v 2.343481 1.499966 3.474932
v 3.981713 1.499967 4.622156
v 3.090506 0.499929 2.611452
v 4.728737 0.499929 3.758677
v 4.269847 0.499929 4.413970
v -19.385618 0.499945 54.972946
v -18.994198 0.999965 59.619614
v -17.225185 0.499946 59.384621
v -16.425247 0.499946 59.384621
v -16.425247 0.499945 57.384777
v -18.225224 0.499946 59.541977
v -17.325235 0.499946 59.541977
v 1.132484 0.499927 -3.258454
v 1.905156 0.499927 -3.465486
v 1.387576 0.499926 -5.397400
v -21.618835 0.999964 55.087784
v -19.558453 0.999965 59.541977
v -19.558453 0.499946 59.541977
v -17.685461 0.499945 57.087631
v -17.225185 0.499945 57.384777
v -0.047782 0.999946 -2.512124
v 0.724890 0.999946 -2.719154
v 0.207310 0.999946 -4.651067
v -19.125210 0.499946 59.541977
v -21.285643 0.499945 56.973022
v 0.757701 0.999946 -2.983723
v 1.530373 0.999946 -3.190755
v 1.012793 0.999946 -5.122666
v 32.904243 0.999941 -21.385988
v 31.807158 1.499959 -21.679899
v 32.580063 1.499959 -21.472864
v 33.097641 1.499958 -23.404779
v -18.658464 0.499946 59.541977
v 30.696903 0.499921 -21.905878
v -18.558414 0.999965 57.541901
v -18.558414 0.499945 57.541901
v 31.689085 0.999941 -21.625135
v 0.579782 0.499927 -4.935043
v -0.193121 0.499927 -4.728013
v 0.324690 0.499927 -2.796329
v 0.207310 0.499927 -4.651066
v 0.724890 0.499927 -2.719154
v -0.047782 0.499927 -2.512124
v 2.631616 0.999948 3.266745
v 4.269847 0.499929 4.413970
v 2.631616 0.499929 3.266745
v 3.090506 0.499929 2.611452
v 33.860378 0.499921 -23.280466
v 33.087708 0.499921 -23.487497
v 32.570126 0.499922 -21.555586
v 1.387576 0.499926 -5.397400
v 0.614904 0.499926 -5.190136
v 1.132484 0.499927 -3.258454
v 32.552567 0.499921 -23.550810
v 32.034985 0.499922 -21.618898
v 31.262314 0.499921 -21.825930
v 32.324738 1.499958 -23.611811
v 32.324738 0.999940 -23.611811
v 31.689085 1.499959 -21.625135
v 30.871588 1.499958 -22.051447
v 33.342800 0.499922 -21.348555
v 31.683310 0.499921 -23.783720
v 31.165730 0.499921 -21.851809
v 30.392826 0.499921 -22.058840
v 3.999505 13.355071 -26.800014
v -6.879139 12.616136 -26.800014
v -15.302053 10.717264 -26.800014
v -15.302053 10.717264 -26.800014
v -22.306246 8.109495 -26.800013
v -24.990496 5.968934 -26.800013
v 32.990429 6.940798 26.799978
v 32.989506 5.968950 26.799978
v 33.989544 5.968719 26.799978
v 32.990429 6.940783 -25.000036
v 32.989506 5.968934 -25.000036
v 33.989544 5.968703 -25.000036
v 33.989544 5.968718 25.000004
v 32.989506 5.968949 25.000004
v 32.990429 6.940798 25.000004
v 33.989544 5.968734 76.800018
v 32.989506 5.968965 76.800018
v 32.990429 6.940814 76.800018
v 32.990429 6.940782 -26.800013
v 3.999505 5.968934 -26.800013
v 23.514563 5.968934 -26.800013
v -25.992151 7.595860 25.000004
v -24.991421 6.940798 25.000004
v -24.990496 5.968949 25.000004
v -24.990496 5.968934 -25.000036
v -24.991421 6.940783 -25.000036
v -25.992151 7.595844 -25.000036
v -24.990496 5.968950 26.799978
v -24.991421 6.940798 26.799978
v -25.992151 7.595860 26.799978
v -25.992151 7.595875 76.800018
v -24.991421 6.940814 76.800018
v -24.990496 5.968965 76.800018
v 27.999483 8.917521 -26.233446
v 3.999505 8.917521 -26.233446
v 3.999505 8.917521 -25.733427
v -20.000475 8.917553 77.958107
v 3.999505 8.917553 77.958107
v 3.999505 8.917553 77.458084
v 3.999505 8.417502 -25.733427
v 27.999483 8.417502 -25.733427
v 27.999483 8.917521 -25.733427
v -20.000475 8.917553 77.458084
v 3.999505 8.917553 77.458084
v 3.999505 8.417534 77.458084
v 3.999505 8.917553 77.458084
v 27.999483 8.917553 77.458084
v 27.999483 8.417534 77.458084
v 27.999483 8.917521 -25.733427
v 3.999505 8.917521 -25.733427
v 3.999505 8.417502 -25.733427
v 3.999505 8.417534 77.458084
v -20.000475 8.417534 77.458084
v -20.000475 8.917553 77.458084
v 3.999505 8.917521 -25.733427
v -20.000475 8.917521 -25.733427
v -20.000475 8.417502 -25.733427
v -20.000475 8.417502 -25.733427
v 3.999505 8.417502 -25.733427
v 3.999505 8.917521 -25.733427
v 27.999483 8.417534 77.458084
v 3.999505 8.417534 77.458084
v 3.999505 8.917553 77.458084
v 3.999505 8.417534 77.458084
v 3.999505 8.417534 77.958107
v -20.000475 8.417534 77.958107
v 27.999483 8.917521 -25.733427
v 27.999483 8.417502 -26.233446
v 27.999483 8.417502 -25.733427
v 3.999505 8.417502 -25.733427
v 3.999505 8.917553 77.958107
v 27.999483 8.917553 77.958107
v 27.999483 8.917553 77.458084
v 3.999505 8.417502 -26.233446
v -20.000475 8.917553 77.458084
v -20.000475 8.417534 77.458084
v 3.999505 8.917553 77.458084
v 27.999483 8.417534 77.458084
v 27.999483 8.417534 77.958107
v 3.999505 8.417534 77.958107
v 3.999505 8.917521 -26.233446
v -20.000475 8.917521 -26.233446
v -20.000475 8.917521 -25.733427
v -20.000475 8.417502 -25.733427
v -20.000475 8.417502 -26.233446
v 3.999505 8.417502 -26.233446
v 3.999505 8.417534 77.458084
v 3.999505 8.917521 -25.733427
v 3.999505 8.417502 -25.733427
v 30.811279 0.499921 -21.946775
v 31.329090 0.499921 -23.878687
v 31.329090 -0.000098 -23.878687
v 31.329090 -0.000098 -23.878687
v 30.811279 -0.000098 -21.946775
v 30.811279 0.499921 -21.946775
v 30.441811 -0.000098 -24.044823
v 29.924231 -0.000098 -22.112909
v 29.924231 0.499921 -22.112909
v 32.180557 -0.000098 -23.579000
v 31.662745 -0.000098 -21.647085
v 31.662745 0.499922 -21.647085
v 30.392826 0.999940 -22.058840
v 30.910637 0.999940 -23.990751
v 30.910637 0.499921 -23.990751
v 31.689085 0.999941 -21.625135
v 32.206665 0.999940 -23.557047
v 32.206665 1.499958 -23.557047
v 31.584183 -0.000098 -21.739744
v 32.101765 -0.000098 -23.671656
v 32.101765 0.499921 -23.671656
v 32.953228 0.499921 -23.371965
v 32.435650 0.499922 -21.440054
v 32.435650 -0.000097 -21.440054
v 30.871588 0.999940 -22.051447
v 31.389166 0.999940 -23.983358
v 31.389166 1.499958 -23.983358
v 31.262314 0.999941 -21.825930
v 31.779892 0.999940 -23.757841
v 31.779892 0.499921 -23.757841
v 32.580063 0.999941 -21.472864
v 33.097641 0.999940 -23.404779
v 33.097641 1.499958 -23.404779
v 31.779892 0.499921 -23.757841
v 31.262314 0.499921 -21.825930
v 31.262314 0.999941 -21.825930
v 0.359580 -0.000092 -2.992039
v -0.158000 -0.000092 -4.923951
v -0.158000 0.499927 -4.923951
v 0.579782 0.499927 -4.935043
v 1.097362 0.499927 -3.003362
v 1.097362 -0.000092 -3.003361
v 31.165730 0.499921 -21.851809
v 31.683310 0.499921 -23.783720
v 31.683310 0.999940 -23.783720
v 32.034985 0.499922 -21.618898
v 32.552567 0.499921 -23.550810
v 32.552567 0.999940 -23.550810
v 30.910637 0.499921 -23.990751
v 30.392826 0.499921 -22.058840
v 30.392826 0.999940 -22.058840
v 33.342800 -0.000097 -21.348555
v 33.860378 -0.000098 -23.280466
v 33.860378 0.499921 -23.280466
v -18.558414 0.999965 59.541977
v -18.558414 0.999965 57.541901
v -18.558414 0.499945 57.541901
v -21.618835 0.999964 57.087631
v -21.618835 0.999964 55.087784
v -21.618835 0.499945 55.087784
v 29.845440 -0.000098 -22.205564
v 30.363018 -0.000098 -24.137478
v 30.363018 0.499921 -24.137478
v 29.590347 -0.000098 -24.344509
v 29.072767 -0.000098 -22.412596
v 29.072767 0.499921 -22.412596
v -19.018690 0.999964 55.087784
v -19.018690 0.999964 57.087631
v -19.018690 0.499945 57.087631
v -21.618835 0.499945 57.087631
v -21.185593 0.499945 57.087631
v -21.185593 0.499945 55.087784
v -21.185593 -0.000074 55.087784
v -18.454668 1.499982 55.254150
v -18.454668 1.499982 57.254227
v -18.454668 0.999964 57.254227
v 30.063101 0.499921 -24.305000
v 29.545290 0.499921 -22.373083
v 29.545290 0.999940 -22.373083
v -0.158000 0.499927 -4.923951
v 0.359580 0.499927 -2.992039
v 0.359580 -0.000092 -2.992039
v 30.835772 0.999940 -24.097965
v 30.318193 0.999940 -22.166052
v 30.318193 0.499921 -22.166052
v 4.170259 0.499930 4.913989
v 2.532028 0.499929 3.766994
v 2.532028 -0.000090 3.766994
v 29.545290 0.999940 -22.373083
v 30.063101 0.999940 -24.305000
v 30.063101 0.499921 -24.305000
v -18.994198 1.499982 57.619537
v -18.994198 1.499983 59.619614
v -18.994198 0.999965 59.619614
v 30.916182 1.499959 -21.832167
v 31.433992 1.499958 -23.764078
v 31.433992 0.999940 -23.764078
v -20.358389 0.999965 59.541977
v -20.358389 0.999965 57.541901
v -20.358389 0.499945 57.541901
v -19.254604 0.999964 55.254150
v -19.254604 0.999964 57.254227
v -19.254604 1.499982 57.254227
v -19.558453 0.499946 59.541977
v -19.558453 0.499945 57.541901
v -19.558453 0.999965 57.541901
v -0.930902 -0.000092 -4.716919
v -0.413092 -0.000092 -2.785007
v -0.413092 0.499927 -2.785007
v -21.185593 -0.000074 57.087631
v 33.097641 1.499958 -23.404779
v 32.580063 1.499959 -21.472864
v 32.580063 0.999941 -21.472864
v -18.118704 0.999964 55.087784
v -18.118704 0.999964 57.087631
v -18.118704 0.499945 57.087631
v -20.718847 0.999964 57.087631
v -20.718847 0.999964 55.087784
v -20.718847 0.499945 55.087784
v -19.818859 0.999964 57.087631
v -19.818859 0.999964 55.087784
v -19.818859 0.499945 55.087784
v 32.570126 0.499922 -21.555586
v 33.087708 0.499921 -23.487497
v 33.087708 -0.000098 -23.487497
v -18.454668 0.999964 55.254150
v -19.025160 -0.000074 57.541901
v -19.025160 -0.000073 59.541977
v -19.025160 0.499946 59.541977
v -20.818666 0.499945 57.087631
v -20.818666 0.499945 55.087784
v -20.818666 0.999964 55.087784
v -19.018690 0.499945 55.087784
v -18.125174 0.499946 59.541977
v -18.125174 0.499945 57.541901
v -18.125174 -0.000074 57.541901
v -17.758476 0.999965 57.541901
v -17.758476 0.999965 59.541977
v -17.758476 0.499946 59.541977
v -20.818666 0.999964 57.087631
v -19.818859 0.499945 57.087631
v 2.631616 0.499929 3.266745
v 4.269847 0.499929 4.413970
v 4.269847 0.999948 4.413969
v -20.718847 0.499945 57.087631
v -18.918871 0.499945 55.087784
v -18.918871 0.499945 57.087631
v -18.918871 0.999964 57.087631
v -20.385654 0.499945 55.087784
v -20.385654 0.499945 57.087631
v -20.385654 -0.000074 57.087631
v -19.558453 0.999965 59.541977
v -18.658464 0.999965 57.541901
v -18.658464 0.999965 59.541977
v -18.658464 0.499946 59.541977
v 32.101765 0.499921 -23.671656
v 31.584183 0.499921 -21.739744
v 31.584183 -0.000098 -21.739744
v -18.558414 0.499946 59.541977
v -19.458403 0.499945 57.541901
v -19.458403 0.499946 59.541977
v -19.458403 0.999965 59.541977
v -19.794136 0.999965 57.619537
v -19.794136 0.999965 59.619614
v -19.794136 1.499983 59.619614
v 3.241620 0.499929 2.328402
v 4.998156 0.499929 3.284536
v 4.998156 -0.000090 3.284536
v -20.358389 0.499946 59.541977
v -17.225185 -0.000074 57.384777
v -17.225185 -0.000073 59.384621
v -17.225185 0.499946 59.384621
v -17.325235 -0.000073 59.541977
v -17.325235 -0.000074 57.541901
v -17.325235 0.499945 57.541901
v -19.125210 -0.000073 59.541977
v -19.125210 -0.000074 57.541901
v -19.125210 0.499945 57.541901
v -17.225185 0.499945 57.384777
v -18.658464 0.499945 57.541901
v -18.918871 0.999964 55.087784
v -19.794136 1.499982 57.619537
v -20.285604 0.499945 57.087631
v -20.285604 0.499945 55.087784
v -20.285604 -0.000074 55.087784
v -20.254642 1.499982 55.087784
v -20.254642 1.499982 57.087631
v -20.254642 0.999964 57.087631
v -18.125174 -0.000073 59.541977
v 1.012793 0.999946 -5.122666
v 1.530373 0.999946 -3.190755
v 1.530373 0.499927 -3.190755
v -20.285604 -0.000074 57.087631
v 1.967774 0.499929 3.900549
v 3.606236 0.499930 5.047773
v 3.606236 0.999949 5.047773
v 4.269847 0.999948 4.413969
v 2.631616 0.999948 3.266745
v 2.631616 0.499929 3.266745
v 31.683310 0.999940 -23.783720
v 31.165730 0.999941 -21.851809
v 31.165730 0.499921 -21.851809
v 4.629149 -0.000090 4.258697
v 2.990918 -0.000090 3.111471
v 2.990918 0.499929 3.111471
v 3.606236 0.999949 5.047773
v 1.967774 0.999948 3.900549
v 1.967774 0.499929 3.900549
v 30.318193 0.499921 -22.166052
v 30.835772 0.499921 -24.097965
v 30.835772 0.999940 -24.097965
v 2.343481 0.999948 3.474932
v 3.981713 0.999949 4.622156
v 3.981713 1.499967 4.622156
v 30.363018 0.499921 -24.137478
v 29.845440 0.499921 -22.205564
v 29.845440 -0.000098 -22.205564
v -20.825136 0.499946 59.541977
v -20.825136 0.499945 57.541901
v -20.825136 -0.000074 57.541901
v -19.925148 0.499946 59.541977
v -19.925148 0.499945 57.541901
v -19.925148 -0.000074 57.541901
v -19.254604 1.499982 55.254150
v 4.615747 0.499929 3.987198
v 2.859212 0.499929 3.031061
v 2.859212 -0.000090 3.031061
v 4.065126 0.499929 4.392481
v 2.426663 0.499929 3.245256
v 2.426663 0.999948 3.245256
v 1.387576 0.499926 -5.397400
v 1.905156 0.499927 -3.465486
v 1.905156 -0.000092 -3.465486
v 29.072767 0.499921 -22.412596
v 29.590347 0.499921 -24.344509
v 29.590347 -0.000098 -24.344509
v -17.685461 0.499945 55.087784
v -17.685461 0.499945 57.087631
v -17.685461 -0.000074 57.087631
v -19.485668 0.499945 55.087784
v -19.485668 0.499945 57.087631
v -19.485668 -0.000074 57.087631
v 2.532028 -0.000090 3.766994
v 4.170259 -0.000090 4.913989
v 4.170259 0.499930 4.913989
v 31.807158 1.499959 -21.679899
v 32.324738 1.499958 -23.611811
v 32.324738 0.999940 -23.611811
v -21.054581 0.999964 55.087784
v -21.054581 0.999964 57.087631
v -21.054581 1.499982 57.087631
v -20.254642 0.999964 55.087784
v 3.981713 1.499967 4.622156
v 2.343481 1.499966 3.474932
v 2.343481 0.999948 3.474932
v -20.025198 -0.000073 59.541977
v -20.025198 -0.000074 57.541901
v -20.025198 0.499945 57.541901
v -22.085581 0.499945 56.973022
v -22.085581 0.499945 54.972946
v -22.085581 -0.000074 54.972946
v -19.385618 0.499945 56.973022
v -19.385618 0.499945 54.972946
v -19.385618 -0.000074 54.972946
v -18.994198 0.999965 57.619537
v -21.054581 1.499982 55.087784
v 32.131569 0.999941 -21.593019
v 32.649151 0.999940 -23.524931
v 32.649151 0.499921 -23.524931
v 2.990918 0.499929 3.111471
v 4.629149 0.499929 4.258697
v 4.629149 -0.000090 4.258697
v -21.285643 -0.000074 56.973022
v -21.285643 -0.000074 54.972946
v -21.285643 0.499945 54.972946
v -19.458403 0.999965 57.541901
v -18.585680 -0.000074 56.973022
v -18.585680 -0.000074 54.972946
v -18.585680 0.499945 54.972946
v 0.614904 -0.000093 -5.190136
v 1.132484 -0.000092 -3.258453
v 1.132484 0.499927 -3.258454
v 1.871652 -0.000090 4.300519
v 3.409371 -0.000089 5.579216
v 3.409371 0.499930 5.579216
v 3.920943 -0.000089 4.964128
v 2.382993 -0.000090 3.685431
v 2.382993 0.499929 3.685431
v 2.859212 -0.000090 3.031061
v 4.615747 -0.000090 3.987199
v 4.615747 0.499929 3.987198
v -0.193121 -0.000092 -4.728013
v 0.324690 -0.000092 -2.796329
v 0.324690 0.499927 -2.796329
v -17.758476 0.499945 57.541901
v -19.025160 0.499945 57.541901
v -19.918678 0.999964 55.087784
v -19.918678 0.999964 57.087631
v -19.918678 0.499945 57.087631
v 4.440602 0.999948 3.966633
v 2.802371 0.999948 2.819639
v 2.802371 1.499966 2.819639
v 29.924231 0.499921 -22.112909
v 30.441811 0.499921 -24.044823
v 30.441811 -0.000098 -24.044823
v 1.530373 0.499927 -3.190755
v 1.012793 0.499927 -5.122665
v 1.012793 0.999946 -5.122666
v 4.998156 -0.000090 3.284536
v 3.241620 -0.000090 2.328402
v 3.241620 0.499929 2.328402
v 1.871652 0.499929 4.300519
v 1.132484 0.499927 -3.258454
v 0.614904 0.499926 -5.190136
v 0.614904 -0.000093 -5.190136
v -18.225224 -0.000073 59.541977
v -18.225224 -0.000074 57.541901
v -18.225224 0.499945 57.541901
v 2.382993 0.499929 3.685431
v 3.920943 0.499930 4.964128
v 3.920943 -0.000089 4.964128
v 4.728737 0.499929 3.758677
v 3.090506 0.499929 2.611452
v 3.090506 0.999948 2.611452
v 0.324690 0.499927 -2.796329
v -0.193121 0.499927 -4.728013
v -0.193121 -0.000092 -4.728013
v -18.225224 0.499946 59.541977
v -20.385654 -0.000074 55.087784
v 32.435650 -0.000097 -21.440054
v 32.953228 -0.000098 -23.371965
v 32.953228 0.499921 -23.371965
v -22.085581 -0.000074 56.973022
v -19.385618 -0.000074 56.973022
v -16.425247 0.499945 57.384777
v -16.425247 0.499946 59.384621
v -16.425247 -0.000073 59.384621
v -18.485630 -0.000074 55.087784
v -18.485630 -0.000074 57.087631
v -18.485630 0.499945 57.087631
v -16.425247 -0.000074 57.384777
v -20.825136 -0.000073 59.541977
v -19.925148 -0.000073 59.541977
v 2.802371 1.499966 2.819639
v 4.440602 1.499966 3.966633
v 4.440602 0.999948 3.966633
v 32.904243 0.499922 -21.385988
v 33.422054 0.499921 -23.317900
v 33.422054 0.999940 -23.317900
v -18.585680 0.499945 56.973022
v -21.285643 0.499945 56.973022
v 0.757701 0.999946 -2.983723
v 0.239890 0.999946 -4.915635
v 0.239890 0.499927 -4.915635
v -17.685461 -0.000074 55.087784
v 3.090506 0.999948 2.611452
v 4.728737 0.999948 3.758677
v 4.728737 0.499929 3.758677
v -19.125210 0.499946 59.541977
v -19.918678 0.499945 55.087784
v -18.118704 0.499945 55.087784
v 2.426663 0.999948 3.245256
v 4.065126 0.999948 4.392481
v 4.065126 0.499929 4.392481
v 32.206665 1.499958 -23.557047
v 31.689085 1.499959 -21.625135
v 31.689085 0.999941 -21.625135
v -0.565362 0.499927 -4.444036
v -0.047782 0.499927 -2.512124
v -0.047782 0.999946 -2.512124
v -0.413092 0.499927 -2.785007
v -0.930902 0.499927 -4.716919
v -0.930902 -0.000092 -4.716919
v -19.485668 -0.000074 55.087784
v 32.324738 0.999940 -23.611811
v 31.807158 0.999941 -21.679899
v 31.807158 1.499959 -21.679899
v 30.616493 0.999940 -24.190392
v 30.098684 0.999940 -22.258478
v 30.098684 1.499958 -22.258478
v -18.485630 0.499945 55.087784
v -0.047782 0.999946 -2.512124
v -0.565362 0.999946 -4.444036
v -0.565362 0.499927 -4.444036
v 33.087708 -0.000098 -23.487497
v 32.570126 -0.000098 -21.555586
v 32.570126 0.499922 -21.555586
v -20.025198 0.499946 59.541977
v -17.325235 0.499946 59.541977
v 0.579782 -0.000092 -4.935043
v 30.098684 1.499958 -22.258478
v 30.616493 1.499958 -24.190392
v 30.616493 0.999940 -24.190392
v 32.552567 0.999940 -23.550810
v 32.034985 0.999941 -21.618898
v 32.034985 0.499922 -21.618898
v 1.905156 -0.000092 -3.465486
v 1.387576 -0.000093 -5.397400
v 1.387576 0.499926 -5.397400
v 31.389166 1.499958 -23.983358
v 30.871588 1.499958 -22.051447
v 30.871588 0.999940 -22.051447
v 31.662745 0.499922 -21.647085
v 32.180557 0.499921 -23.579000
v 32.180557 -0.000098 -23.579000
v 0.207310 0.999946 -4.651067
v 0.724890 0.999946 -2.719154
v 0.724890 0.499927 -2.719154
v 33.422054 0.999940 -23.317900
v 32.904243 0.999941 -21.385988
v 32.904243 0.499922 -21.385988
v 31.214483 0.499921 -23.837790
v 30.696903 0.499921 -21.905878
v 30.696903 -0.000098 -21.905878
v 0.724890 0.499927 -2.719154
v 0.207310 0.499927 -4.651066
v 0.207310 0.999946 -4.651067
v 32.649151 0.499921 -23.524931
v 32.131569 0.499922 -21.593019
v 32.131569 0.999941 -21.593019
v 0.239890 0.499927 -4.915635
v 0.757701 0.499927 -2.983723
v 0.757701 0.999946 -2.983723
v 30.696903 -0.000098 -21.905878
v 31.214483 -0.000098 -23.837790
v 31.214483 0.499921 -23.837790
v 33.860378 0.499921 -23.280466
v 33.342800 0.499922 -21.348555
v 33.342800 -0.000097 -21.348555
v 31.433992 0.999940 -23.764078
v 30.916182 0.999941 -21.832167
v 30.916182 1.499959 -21.832167
v 31.779892 0.999940 -23.757841
v 32.552567 0.999940 -23.550810
v 32.552567 0.499921 -23.550810
v 30.363018 -0.000098 -24.137478
v 29.590347 -0.000098 -24.344509
v 29.590347 0.499921 -24.344509
v 32.953228 -0.000098 -23.371965
v 32.180557 -0.000098 -23.579000
v 32.180557 0.499921 -23.579000
v 31.329090 0.499921 -23.878687
v 32.101765 0.499921 -23.671656
v 32.101765 -0.000098 -23.671656
v 31.683310 0.499921 -23.783720
v 30.910637 0.499921 -23.990751
v 30.910637 0.999940 -23.990751
v 32.649151 0.999940 -23.524931
v 33.422054 0.999940 -23.317900
v 33.422054 0.499921 -23.317900
v 32.180557 0.499921 -23.579000
v 32.953228 0.499921 -23.371965
v 32.953228 -0.000098 -23.371965
v 32.552567 0.499921 -23.550810
v 31.779892 0.499921 -23.757841
v 31.779892 0.999940 -23.757841
v 30.910637 0.999940 -23.990751
v 31.683310 0.999940 -23.783720
v 31.683310 0.499921 -23.783720
v 32.101765 -0.000098 -23.671656
v 31.329090 -0.000098 -23.878687
v 31.329090 0.499921 -23.878687
v 33.422054 0.499921 -23.317900
v 32.649151 0.499921 -23.524931
v 32.649151 0.999940 -23.524931
v 31.433992 1.499958 -23.764078
v 32.206665 1.499958 -23.557047
v 32.206665 0.999940 -23.557047
v 32.324738 1.499958 -23.611811
v 33.097641 1.499958 -23.404779
v 33.097641 0.999940 -23.404779
v 32.206665 0.999940 -23.557047
v 31.433992 0.999940 -23.764078
v 31.433992 1.499958 -23.764078
v 30.063101 0.999940 -24.305000
v 30.835772 0.999940 -24.097965
v 30.835772 0.499921 -24.097965
v 33.860378 -0.000098 -23.280466
v 33.087708 -0.000098 -23.487497
v 33.087708 0.499921 -23.487497
v 31.389166 0.999940 -23.983358
v 30.616493 0.999940 -24.190392
v 30.616493 1.499958 -24.190392
v 30.811279 -0.000098 -21.946775
v 31.584183 -0.000098 -21.739744
v 31.584183 0.499921 -21.739744
v 31.214483 -0.000098 -23.837790
v 30.441811 -0.000098 -24.044823
v 30.441811 0.499921 -24.044823
v 29.590347 0.499921 -24.344509
v 30.363018 0.499921 -24.137478
v 30.363018 -0.000098 -24.137478
v 30.835772 0.499921 -24.097965
v 30.063101 0.499921 -24.305000
v 30.063101 0.999940 -24.305000
v -0.413092 -0.000092 -2.785007
v 0.359580 -0.000092 -2.992039
v 0.359580 0.499927 -2.992039
v 30.441811 0.499921 -24.044823
v 31.214483 0.499921 -23.837790
v 31.214483 -0.000098 -23.837790
v 33.097641 0.999940 -23.404779
v 32.324738 0.999940 -23.611811
v 32.324738 1.499958 -23.611811
v 30.616493 1.499958 -24.190392
v 31.389166 1.499958 -23.983358
v 31.389166 0.999940 -23.983358
v 32.435650 0.499922 -21.440054
v 31.662745 0.499922 -21.647085
v 31.662745 -0.000098 -21.647085
v 2.631616 0.999948 3.266745
v 3.090506 0.999948 2.611452
v 3.090506 0.499929 2.611452
v 31.262314 0.499921 -21.825930
v 32.034985 0.499922 -21.618898
v 32.034985 0.999941 -21.618898
v 2.343481 1.499966 3.474932
v 2.802371 1.499966 2.819639
v 2.802371 0.999948 2.819639
v 29.924231 -0.000098 -22.112909
v 30.696903 -0.000098 -21.905878
v 30.696903 0.499921 -21.905878
v 31.807158 0.999941 -21.679899
v 32.580063 0.999941 -21.472864
v 32.580063 1.499959 -21.472864
v 29.545290 0.499921 -22.373083
v 30.318193 0.499921 -22.166052
v 30.318193 0.999940 -22.166052
v 0.207310 0.499927 -4.651066
v -0.565362 0.499927 -4.444036
v -0.565362 0.999946 -4.444036
v 30.098684 0.999940 -22.258478
v 30.871588 0.999940 -22.051447
v 30.871588 1.499958 -22.051447
v 4.728737 0.999948 3.758677
v 4.269847 0.999948 4.413969
v 4.269847 0.499929 4.413970
v -17.225185 0.499945 57.384777
v -16.425247 0.499945 57.384777
v -16.425247 -0.000074 57.384777
v 3.090506 0.499929 2.611452
v 2.631616 0.499929 3.266745
v 2.631616 0.999948 3.266745
v -20.718847 0.499945 57.087631
v -19.918678 0.499945 57.087631
v -19.918678 0.999964 57.087631
v -19.918678 0.999964 57.087631
v -20.718847 0.999964 57.087631
v -20.718847 0.499945 57.087631
v -18.485630 -0.000074 57.087631
v -17.685461 -0.000074 57.087631
v -17.685461 0.499945 57.087631
v -17.758476 0.499945 57.541901
v -18.558414 0.499945 57.541901
v -18.558414 0.999965 57.541901
v 30.916182 0.999941 -21.832167
v 31.689085 0.999941 -21.625135
v 31.689085 1.499959 -21.625135
v -19.025160 -0.000073 59.541977
v -18.225224 -0.000073 59.541977
v -18.225224 0.499946 59.541977
v -18.118704 0.999964 57.087631
v -18.918871 0.999964 57.087631
v -18.918871 0.499945 57.087631
v 1.132484 -0.000092 -3.258453
v 1.905156 -0.000092 -3.465486
v 1.905156 0.499927 -3.465486
v -19.018690 0.999964 57.087631
v -19.818859 0.999964 57.087631
v -19.818859 0.499945 57.087631
v -20.818666 0.499945 55.087784
v -21.618835 0.499945 55.087784
v -21.618835 0.999964 55.087784
v 4.170259 -0.000090 4.913989
v 4.629149 -0.000090 4.258697
v 4.629149 0.499929 4.258697
v -18.558414 0.499946 59.541977
v -17.758476 0.499946 59.541977
v -17.758476 0.999965 59.541977
v 33.087708 0.499921 -23.487497
v 33.860378 0.499921 -23.280466
v 33.860378 -0.000098 -23.280466
v 4.998156 0.499929 3.284536
v 4.615747 0.499929 3.987198
v 4.615747 -0.000090 3.987199
v 1.012793 0.499927 -5.122665
v 0.239890 0.499927 -4.915635
v 0.239890 0.999946 -4.915635
v -18.125174 0.499945 57.541901
v -17.325235 0.499945 57.541901
v -17.325235 -0.000074 57.541901
v -20.385654 -0.000074 55.087784
v -21.185593 -0.000074 55.087784
v -21.185593 0.499945 55.087784
v 2.802371 0.999948 2.819639
v 2.343481 0.999948 3.474932
v 2.343481 1.499966 3.474932
v -19.385618 0.499945 54.972946
v -18.585680 0.499945 54.972946
v -18.585680 -0.000074 54.972946
v -0.047782 0.499927 -2.512124
v 0.724890 0.499927 -2.719154
v 0.724890 0.999946 -2.719154
v 2.990918 -0.000090 3.111471
v 2.532028 -0.000090 3.766994
v 2.532028 0.499929 3.766994
v 3.409371 -0.000089 5.579216
v 3.920943 -0.000089 4.964128
v 3.920943 0.499930 4.964128
v 3.606236 0.499930 5.047773
v 4.065126 0.499929 4.392481
v 4.065126 0.999948 4.392481
v 3.981713 0.999949 4.622156
v 4.440602 0.999948 3.966633
v 4.440602 1.499966 3.966633
v 4.440602 1.499966 3.966633
v 3.981713 1.499967 4.622156
v 3.981713 0.999949 4.622156
v -19.558453 0.499945 57.541901
v -20.358389 0.499945 57.541901
v -20.358389 0.999965 57.541901
v 1.967774 0.999948 3.900549
v 2.426663 0.999948 3.245256
v 2.426663 0.499929 3.245256
v -19.485668 -0.000074 55.087784
v -20.285604 -0.000074 55.087784
v -20.285604 0.499945 55.087784
v -18.118704 0.499945 55.087784
v -18.918871 0.499945 55.087784
v -18.918871 0.999964 55.087784
v -0.193121 0.499927 -4.728013
v 0.579782 0.499927 -4.935043
v 0.579782 -0.000092 -4.935043
v -18.994198 1.499983 59.619614
v -19.794136 1.499983 59.619614
v -19.794136 0.999965 59.619614
v 1.097362 0.499927 -3.003362
v 0.324690 0.499927 -2.796329
v 0.324690 -0.000092 -2.796329
v -17.225185 -0.000073 59.384621
v -16.425247 -0.000073 59.384621
v -16.425247 0.499946 59.384621
v -18.454668 1.499982 57.254227
v -19.254604 1.499982 57.254227
v -19.254604 0.999964 57.254227
v -17.685461 -0.000074 55.087784
v -18.485630 -0.000074 55.087784
v -18.485630 0.499945 55.087784
v 29.845440 0.499921 -22.205564
v 29.072767 0.499921 -22.412596
v 29.072767 -0.000098 -22.412596
v -20.385654 0.499945 57.087631
v -21.185593 0.499945 57.087631
v -21.185593 -0.000074 57.087631
v 3.920943 0.499930 4.964128
v 3.409371 0.499930 5.579216
v 3.409371 -0.000089 5.579216
v 3.241620 -0.000090 2.328402
v 2.859212 -0.000090 3.031061
v 2.859212 0.499929 3.031061
v 0.359580 0.499927 -2.992039
v -0.413092 0.499927 -2.785007
v -0.413092 -0.000092 -2.785007
v -21.618835 0.499945 57.087631
v -20.818666 0.499945 57.087631
v -20.818666 0.999964 57.087631
v -16.425247 0.499946 59.384621
v -17.225185 0.499946 59.384621
v -17.225185 -0.000073 59.384621
v -21.618835 0.999964 55.087784
v -20.818666 0.999964 55.087784
v -20.818666 0.499945 55.087784
v -18.125174 -0.000073 59.541977
v -17.325235 -0.000073 59.541977
v -17.325235 0.499946 59.541977
v -20.025198 0.499946 59.541977
v -20.825136 0.499946 59.541977
v -20.825136 -0.000073 59.541977
v -21.285643 -0.000074 54.972946
v -22.085581 -0.000074 54.972946
v -22.085581 0.499945 54.972946
v -18.585680 0.499945 56.973022
v -19.385618 0.499945 56.973022
v -19.385618 -0.000074 56.973022
v -18.918871 0.499945 57.087631
v -18.118704 0.499945 57.087631
v -18.118704 0.999964 57.087631
v -21.185593 0.499945 55.087784
v -20.385654 0.499945 55.087784
v -20.385654 -0.000074 55.087784
v 4.629149 0.499929 4.258697
v 4.170259 0.499930 4.913989
v 4.170259 -0.000090 4.913989
v 0.324690 -0.000092 -2.796329
v 1.097362 -0.000092 -3.003361
v 1.097362 0.499927 -3.003362
v -18.485630 0.499945 55.087784
v -17.685461 0.499945 55.087784
v -17.685461 -0.000074 55.087784
v -19.125210 0.499946 59.541977
v -19.925148 0.499946 59.541977
v -19.925148 -0.000073 59.541977
v 0.757701 0.499927 -2.983723
v 1.530373 0.499927 -3.190755
v 1.530373 0.999946 -3.190755
v -21.054581 1.499982 55.087784
v -20.254642 1.499982 55.087784
v -20.254642 0.999964 55.087784
v -19.818859 0.499945 57.087631
v -19.018690 0.499945 57.087631
v -19.018690 0.999964 57.087631
v -19.025160 0.499945 57.541901
v -18.225224 0.499945 57.541901
v -18.225224 -0.000074 57.541901
v -19.385618 -0.000074 56.973022
v -18.585680 -0.000074 56.973022
v -18.585680 0.499945 56.973022
v 2.426663 0.499929 3.245256
v 1.967774 0.499929 3.900549
v 1.967774 0.999948 3.900549
v -20.818666 0.999964 57.087631
v -21.618835 0.999964 57.087631
v -21.618835 0.499945 57.087631
v 0.724890 0.999946 -2.719154
v -0.047782 0.999946 -2.512124
v -0.047782 0.499927 -2.512124
v -20.358389 0.999965 57.541901
v -19.558453 0.999965 57.541901
v -19.558453 0.499945 57.541901
v -21.285643 0.499945 56.973022
v -22.085581 0.499945 56.973022
v -22.085581 -0.000074 56.973022
v 0.614904 0.499926 -5.190136
v 1.387576 0.499926 -5.397400
v 1.387576 -0.000093 -5.397400
v -19.458403 0.499946 59.541977
v -18.658464 0.499946 59.541977
v -18.658464 0.999965 59.541977
v -0.158000 -0.000092 -4.923951
v -0.930902 -0.000092 -4.716919
v -0.930902 0.499927 -4.716919
v -19.018690 0.499945 55.087784
v -19.818859 0.499945 55.087784
v -19.818859 0.999964 55.087784
v 29.072767 -0.000098 -22.412596
v 29.845440 -0.000098 -22.205564
v 29.845440 0.499921 -22.205564
v 1.387576 -0.000093 -5.397400
v 0.614904 -0.000093 -5.190136
v 0.614904 0.499926 -5.190136
v -18.558414 0.999965 57.541901
v -17.758476 0.999965 57.541901
v -17.758476 0.499945 57.541901
v -0.930902 0.499927 -4.716919
v -0.158000 0.499927 -4.923951
v -0.158000 -0.000092 -4.923951
v -19.254604 1.499982 55.254150
v -18.454668 1.499982 55.254150
v -18.454668 0.999964 55.254150
v -19.485668 0.499945 57.087631
v -20.285604 0.499945 57.087631
v -20.285604 -0.000074 57.087631
v -18.658464 0.499945 57.541901
v -19.458403 0.499945 57.541901
v -19.458403 0.999965 57.541901
v -22.085581 -0.000074 56.973022
v -21.285643 -0.000074 56.973022
v -21.285643 0.499945 56.973022
v -18.585680 -0.000074 54.972946
v -19.385618 -0.000074 54.972946
v -19.385618 0.499945 54.972946
v 1.530373 0.999946 -3.190755
v 0.757701 0.999946 -2.983723
v 0.757701 0.499927 -2.983723
v -20.285604 0.499945 55.087784
v -19.485668 0.499945 55.087784
v -19.485668 -0.000074 55.087784
v -18.994198 0.999965 57.619537
v -19.794136 0.999965 57.619537
v -19.794136 1.499982 57.619537
v -21.185593 -0.000074 57.087631
v -20.385654 -0.000074 57.087631
v -20.385654 0.499945 57.087631
v -17.325235 -0.000074 57.541901
v -18.125174 -0.000074 57.541901
v -18.125174 0.499945 57.541901
v 4.065126 0.999948 4.392481
v 3.606236 0.999949 5.047773
v 3.606236 0.499930 5.047773
v -19.558453 0.999965 59.541977
v -20.358389 0.999965 59.541977
v -20.358389 0.499946 59.541977
v 0.239890 0.999946 -4.915635
v 1.012793 0.999946 -5.122666
v 1.012793 0.499927 -5.122665
v -19.125210 -0.000074 57.541901
v -19.925148 -0.000074 57.541901
v -19.925148 0.499945 57.541901
v 1.871652 0.499929 4.300519
v 2.382993 0.499929 3.685431
v 2.382993 -0.000090 3.685431
v -0.565362 0.999946 -4.444036
v 0.207310 0.999946 -4.651067
v 0.207310 0.499927 -4.651066
v -18.658464 0.999965 59.541977
v -19.458403 0.999965 59.541977
v -19.458403 0.499946 59.541977
v -18.225224 0.499946 59.541977
v -19.025160 0.499946 59.541977
v -19.025160 -0.000073 59.541977
v -20.285604 -0.000074 57.087631
v -19.485668 -0.000074 57.087631
v -19.485668 0.499945 57.087631
v -17.685461 0.499945 57.087631
v -18.485630 0.499945 57.087631
v -18.485630 -0.000074 57.087631
v 32.570126 -0.000098 -21.555586
v 33.342800 -0.000097 -21.348555
v 33.342800 0.499922 -21.348555
v 1.905156 0.499927 -3.465486
v 1.132484 0.499927 -3.258454
v 1.132484 -0.000092 -3.258453
v -22.085581 0.499945 54.972946
v -21.285643 0.499945 54.972946
v -21.285643 -0.000074 54.972946
v -20.358389 0.499946 59.541977
v -19.558453 0.499946 59.541977
v -19.558453 0.999965 59.541977
v -21.054581 0.999964 57.087631
v -20.254642 0.999964 57.087631
v -20.254642 1.499982 57.087631
v -20.254642 1.499982 57.087631
v -21.054581 1.499982 57.087631
v -21.054581 0.999964 57.087631
v -19.254604 0.999964 57.254227
v -18.454668 0.999964 57.254227
v -18.454668 1.499982 57.254227
v 31.584183 0.499921 -21.739744
v 30.811279 0.499921 -21.946775
v 30.811279 -0.000098 -21.946775
v -19.918678 0.499945 55.087784
v -20.718847 0.499945 55.087784
v -20.718847 0.999964 55.087784
v 2.382993 -0.000090 3.685431
v 1.871652 -0.000090 4.300519
v 1.871652 0.499929 4.300519
v 30.392826 0.499921 -22.058840
v 31.165730 0.499921 -21.851809
v 31.165730 0.999941 -21.851809
v -19.794136 1.499982 57.619537
v -18.994198 1.499982 57.619537
v -18.994198 0.999965 57.619537
v -20.825136 0.499945 57.541901
v -20.025198 0.499945 57.541901
v -20.025198 -0.000074 57.541901
v 31.689085 1.499959 -21.625135
v 30.916182 1.499959 -21.832167
v 30.916182 0.999941 -21.832167
v -20.718847 0.999964 55.087784
v -19.918678 0.999964 55.087784
v -19.918678 0.499945 55.087784
v -20.825136 -0.000073 59.541977
v -20.025198 -0.000073 59.541977
v -20.025198 0.499946 59.541977
v -20.025198 -0.000074 57.541901
v -20.825136 -0.000074 57.541901
v -20.825136 0.499945 57.541901
v 32.580063 1.499959 -21.472864
v 31.807158 1.499959 -21.679899
v 31.807158 0.999941 -21.679899
v 31.662745 -0.000098 -21.647085
v 32.435650 -0.000097 -21.440054
v 32.435650 0.499922 -21.440054
v -19.458403 0.999965 57.541901
v -18.658464 0.999965 57.541901
v -18.658464 0.499945 57.541901
v -19.925148 -0.000073 59.541977
v -19.125210 -0.000073 59.541977
v -19.125210 0.499946 59.541977
v -16.425247 -0.000074 57.384777
v -17.225185 -0.000074 57.384777
v -17.225185 0.499945 57.384777
v 4.269847 0.499929 4.413970
v 4.728737 0.499929 3.758677
v 4.728737 0.999948 3.758677
v -17.325235 0.499946 59.541977
v -18.125174 0.499946 59.541977
v -18.125174 -0.000073 59.541977
v -18.454668 0.999964 55.254150
v -19.254604 0.999964 55.254150
v -19.254604 1.499982 55.254150
v -20.254642 0.999964 55.087784
v -21.054581 0.999964 55.087784
v -21.054581 1.499982 55.087784
v -19.794136 0.999965 59.619614
v -18.994198 0.999965 59.619614
v -18.994198 1.499983 59.619614
v -19.818859 0.999964 55.087784
v -19.018690 0.999964 55.087784
v -19.018690 0.499945 55.087784
v 4.615747 -0.000090 3.987199
v 4.998156 -0.000090 3.284536
v 4.998156 0.499929 3.284536
v 0.579782 -0.000092 -4.935043
v -0.193121 -0.000092 -4.728013
v -0.193121 0.499927 -4.728013
v -18.225224 -0.000074 57.541901
v -19.025160 -0.000074 57.541901
v -19.025160 0.499945 57.541901
v -17.758476 0.999965 59.541977
v -18.558414 0.999965 59.541977
v -18.558414 0.499946 59.541977
v 2.859212 0.499929 3.031061
v 3.241620 0.499929 2.328402
v 3.241620 -0.000090 2.328402
v -18.918871 0.999964 55.087784
v -18.118704 0.999964 55.087784
v -18.118704 0.499945 55.087784
v 30.318193 0.999940 -22.166052
v 29.545290 0.999940 -22.373083
v 29.545290 0.499921 -22.373083
v -19.925148 0.499945 57.541901
v -19.125210 0.499945 57.541901
v -19.125210 -0.000074 57.541901
v 2.532028 0.499929 3.766994
v 2.990918 0.499929 3.111471
v 2.990918 -0.000090 3.111471
v 31.165730 0.999941 -21.851809
v 30.392826 0.999940 -22.058840
v 30.392826 0.499921 -22.058840
v 32.904243 0.999941 -21.385988
v 32.131569 0.999941 -21.593019
v 32.131569 0.499922 -21.593019
v 30.871588 1.499958 -22.051447
v 30.098684 1.499958 -22.258478
v 30.098684 0.999940 -22.258478
v 32.131569 0.499922 -21.593019
v 32.904243 0.499922 -21.385988
v 32.904243 0.999941 -21.385988
v 33.342800 0.499922 -21.348555
v 32.570126 0.499922 -21.555586
v 32.570126 -0.000098 -21.555586
v 30.696903 0.499921 -21.905878
v 29.924231 0.499921 -22.112909
v 29.924231 -0.000098 -22.112909
v 32.034985 0.999941 -21.618898
v 31.262314 0.999941 -21.825930
v 31.262314 0.499921 -21.825930
v 19.492001 0.330121 77.610817
v 19.124149 0.330121 77.610817
v 19.124149 8.234070 77.610817
v 20.608725 0.330121 77.860130
v 20.240643 0.330121 77.860130
v 20.240643 8.234070 77.860130
v -12.307949 0.330121 77.860130
v -12.676031 0.330121 77.860130
v -12.676031 8.234070 77.860130
v 23.796921 8.234070 77.860130
v 24.165003 8.234070 77.860130
v 24.165003 0.330121 77.860130
v 1.058313 0.330089 -25.954323
v 1.426164 0.330089 -25.954323
v 1.426164 8.234038 -25.954092
v -15.863997 0.330121 77.860130
v -16.232079 0.330121 77.860130
v -16.232079 8.234070 77.860130
v -12.825066 0.330121 77.610817
v -13.192917 0.330121 77.610817
v -13.192917 8.234070 77.610817
v 1.426164 8.234038 -25.954092
v 1.058313 8.234038 -25.954092
v 1.058313 0.330089 -25.954323
v 22.081514 8.234038 -26.238760
v 21.713432 8.234038 -26.238760
v 21.713432 0.330089 -26.238758
v -9.268785 0.330121 77.610817
v -9.636868 0.330121 77.610817
v -9.636868 8.234070 77.610817
v 24.165003 0.330121 77.860130
v 23.796921 0.330121 77.860130
v 23.796921 8.234070 77.860130
v 19.124149 8.234070 77.610817
v 19.492001 8.234070 77.610817
v 19.492001 0.330121 77.610817
v -12.676031 8.234070 77.860130
v -12.307949 8.234070 77.860130
v -12.307949 0.330121 77.860130
v -8.909021 8.234038 -26.238760
v -9.277103 8.234038 -26.238760
v -9.277103 0.330089 -26.238758
v -2.497967 0.330089 -25.954323
v -2.129885 0.330089 -25.954323
v -2.129885 8.234038 -25.954092
v 8.722649 8.234038 -25.954092
v 8.354797 8.234038 -25.954092
v 8.354797 0.330089 -25.954090
v -12.465302 8.234038 -26.238760
v -12.833153 8.234038 -26.238760
v -12.833153 0.330089 -26.238758
v 18.157154 0.330089 -26.238758
v 18.525236 0.330089 -26.238758
v 18.525236 8.234038 -26.238760
v 20.240643 8.234070 77.860130
v 20.608725 8.234070 77.860130
v 20.608725 0.330121 77.860130
v -9.277103 0.330089 -26.238758
v -8.909021 0.330089 -26.238758
v -8.909021 8.234038 -26.238760
v 11.910847 0.330089 -25.954323
v 12.278929 0.330089 -25.954323
v 12.278929 8.234038 -25.954092
v -2.129885 8.234038 -25.954092
v -2.497967 8.234038 -25.954092
v -2.497967 0.330089 -25.954323
v -13.192917 8.234070 77.610817
v -12.825066 8.234070 77.610817
v -12.825066 0.330121 77.610817
v 8.354797 0.330089 -25.954090
v 8.722649 0.330089 -25.954090
v 8.722649 8.234038 -25.954092
v 18.525236 8.234038 -26.238760
v 18.157154 8.234038 -26.238760
v 18.157154 0.330089 -26.238758
v 22.680197 8.234070 77.610817
v 23.048279 8.234070 77.610817
v 23.048279 0.330121 77.610817
v 21.713432 0.330089 -26.238758
v 22.081514 0.330089 -26.238758
v 22.081514 8.234038 -26.238760
v -9.636868 8.234070 77.610817
v -9.268785 8.234070 77.610817
v -9.268785 0.330121 77.610817
v -16.232079 8.234070 77.860130
v -15.863997 8.234070 77.860130
v -15.863997 0.330121 77.860130
v 23.048279 0.330121 77.610817
v 22.680197 0.330121 77.610817
v 22.680197 8.234070 77.610817
v 12.278929 8.234038 -25.954092
v 11.910847 8.234038 -25.954092
v 11.910847 0.330089 -25.954323
v -12.833153 0.330089 -26.238758
v -12.465302 0.330089 -26.238758
v -12.465302 8.234038 -26.238760
v 32.990429 6.940782 -26.800013
v 26.915569 9.474842 -26.800014
v 19.332106 11.782692 -26.800014
v -20.000475 8.417534 77.458084
v -20.000475 8.417534 77.958107
v -20.000475 8.917553 77.958107
v -20.000475 8.917553 77.458084
v 27.999483 8.917553 77.458084
v 27.999483 8.917553 77.958107
v 27.999483 8.417534 77.958107
v 27.999483 8.417534 77.458084
v -20.000475 8.917521 -25.733427
v -20.000475 8.917521 -26.233446
v -20.000475 8.417502 -26.233446
v 27.999483 8.917521 -26.233446
v 27.999483 8.917521 -25.733427
v 27.999483 8.417502 -25.733427
v -20.000475 8.417502 -25.733427
v 27.999483 8.417502 -26.233446
v 33.989544 5.968730 66.799873
v 33.991161 7.595872 66.799873
v 33.990929 7.295953 66.499954
v 33.991161 7.595872 66.799873
v 33.989544 5.968730 66.799873
v 33.989773 6.268651 67.100021
v -25.990534 5.968706 -15.000118
v -25.992151 7.595847 -15.000118
v -25.991920 7.295928 -14.699970
v 33.989544 5.968709 -4.999971
v 33.991161 7.595850 -4.999972
v 33.990929 7.295931 -5.300124
v 33.991161 7.595847 -15.000118
v 33.991161 7.595844 -25.000036
v 33.990929 7.295925 -24.700117
v -25.990534 5.968730 66.799873
v -25.992151 7.595872 66.799873
v -25.991920 7.295953 67.100021
v -25.992151 7.595844 -25.000036
v -25.992151 7.595847 -15.000118
v -25.991920 7.295928 -15.300037
v -25.990534 5.968712 4.999941
v -25.992151 7.595853 4.999941
v -25.991920 7.295934 5.299860
v 33.991161 7.595853 4.999941
v 33.991161 7.595850 -4.999972
v 33.990929 7.295931 -4.700053
v 33.991161 7.595850 -4.999972
v 33.991161 7.595847 -15.000118
v 33.990929 7.295928 -14.699970
v 33.991161 7.595857 14.999857
v 33.989544 5.968715 14.999857
v 33.989773 6.268635 15.300007
v -25.990534 5.968715 14.999857
v -25.992151 7.595857 14.999857
v -25.991920 7.295938 15.300007
v -25.990534 5.968703 -25.000036
v -25.992151 7.595844 -25.000036
v -25.991920 7.295925 -24.700117
v 33.991161 7.595863 36.799892
v 33.989544 5.968721 36.799896
v 33.989773 6.268641 37.100044
v -25.990534 5.968718 25.000004
v -25.990534 5.968715 14.999857
v -25.990765 6.268635 15.300007
v -25.992151 7.595850 -4.999972
v -25.992151 7.595853 4.999941
v -25.991920 7.295934 4.700022
v 33.991161 7.595860 25.000004
v 33.991161 7.595857 14.999857
v 33.990929 7.295938 15.300007
v 33.989544 5.968709 -4.999971
v 33.989544 5.968712 4.999941
v 33.989773 6.268631 4.700023
v 33.989544 5.968730 66.799873
v 33.989544 5.968734 76.800018
v 33.989773 6.268653 76.499870
v 33.989544 5.968719 26.799978
v 33.989544 5.968721 36.799896
v 33.989773 6.268641 36.499977
v -25.992151 7.595863 36.799892
v -25.990534 5.968721 36.799896
v -25.990765 6.268641 36.499977
v 33.989544 5.968728 56.799957
v 33.991161 7.595869 56.799953
v 33.990929 7.295950 56.499805
v 33.991161 7.595869 56.799953
v 33.991161 7.595866 46.800037
v 33.990929 7.295947 47.099957
v 33.989544 5.968703 -25.000036
v 33.989544 5.968706 -15.000118
v 33.989773 6.268625 -15.300037
v -25.990534 5.968734 76.800018
v -25.990534 5.968730 66.799873
v -25.990765 6.268651 67.100021
v 33.989544 5.968721 36.799896
v 33.991161 7.595863 36.799892
v 33.990929 7.295944 36.499973
v -25.990534 5.968719 26.799978
v -25.992151 7.595860 26.799978
v -25.991920 7.295941 27.099897
v 33.991161 7.595866 46.800037
v 33.991161 7.595863 36.799892
v 33.990929 7.295944 37.100040
v 33.991161 7.595875 76.800018
v 33.991161 7.595872 66.799873
v 33.990929 7.295953 67.100021
v -25.990534 5.968715 14.999857
v -25.990534 5.968712 4.999941
v -25.990765 6.268631 5.299860
v -25.992151 7.595853 4.999941
v -25.992151 7.595857 14.999857
v -25.991920 7.295937 14.699938
v 33.989544 5.968725 46.800041
v 33.991161 7.595866 46.800037
v 33.990929 7.295947 46.499886
v 33.989544 5.968728 56.799957
v 33.989544 5.968730 66.799873
v 33.989773 6.268650 66.499954
v 33.991161 7.595860 26.799978
v 33.989544 5.968719 26.799978
v 33.989773 6.268638 27.099897
v 33.989544 5.968721 36.799896
v 33.989544 5.968725 46.800041
v 33.989773 6.268644 46.499889
v 33.989544 5.968715 14.999857
v 33.989544 5.968718 25.000004
v 33.989773 6.268638 24.699854
v -25.992151 7.595857 14.999857
v -25.992151 7.595860 25.000004
v -25.991920 7.295940 24.699854
v 33.989544 5.968718 25.000004
v 33.991161 7.595860 25.000004
v 33.990929 7.295940 24.699854
v -25.990534 5.968712 4.999941
v -25.990534 5.968709 -4.999971
v -25.990765 6.268629 -4.700052
v -25.990534 5.968725 46.800041
v -25.992151 7.595866 46.800037
v -25.991920 7.295947 47.099957
v -25.992151 7.595860 25.000004
v -25.990534 5.968718 25.000004
v -25.990765 6.268638 24.699854
v 33.991161 7.595872 66.799873
v 33.991161 7.595869 56.799953
v 33.990929 7.295950 57.099873
v -25.990534 5.968728 56.799957
v -25.990534 5.968725 46.800041
v -25.990765 6.268644 47.099960
v 33.989544 5.968712 4.999941
v 33.989544 5.968715 14.999857
v 33.989773 6.268634 14.699938
v -25.990534 5.968725 46.800041
v -25.990534 5.968721 36.799896
v -25.990765 6.268641 37.100044
v -25.992151 7.595863 36.799892
v -25.992151 7.595866 46.800037
v -25.991920 7.295947 46.499886
v -25.992151 7.595869 56.799953
v -25.992151 7.595872 66.799873
v -25.991920 7.295953 66.499954
v -25.992151 7.595872 66.799873
v -25.992151 7.595875 76.800018
v -25.991920 7.295956 76.499870
v 33.989544 5.968706 -15.000118
v 33.989544 5.968709 -4.999971
v 33.989773 6.268629 -5.300123
v 33.989544 5.968725 46.800041
v 33.989544 5.968728 56.799957
v 33.989773 6.268647 56.499809
v -25.992151 7.595869 56.799953
v -25.990534 5.968728 56.799957
v -25.990765 6.268647 56.500038
v -25.990534 5.968721 36.799896
v -25.992151 7.595863 36.799892
v -25.991920 7.295944 37.100040
v 33.991161 7.595866 46.800037
v 33.989544 5.968725 46.800041
v 33.989773 6.268644 47.099960
v -25.992151 7.595857 14.999857
v -25.990534 5.968715 14.999857
v -25.990765 6.268634 14.699938
v -25.992151 7.595875 76.800018
v -25.990534 5.968734 76.800018
v -25.990765 6.268653 76.499870
v -25.992151 7.595866 46.800037
v -25.992151 7.595869 56.799953
v -25.991920 7.295950 56.500034
v 33.991161 7.595857 14.999857
v 33.991161 7.595853 4.999941
v 33.990929 7.295934 5.299860
v -25.990534 5.968721 36.799896
v -25.990534 5.968719 26.799978
v -25.990765 6.268638 27.099897
v 33.989544 5.968715 14.999857
v 33.991161 7.595857 14.999857
v 33.990929 7.295937 14.699938
v -25.992151 7.595860 26.799978
v -25.992151 7.595863 36.799892
v -25.991920 7.295944 36.499973
v -25.990534 5.968709 -4.999971
v -25.990534 5.968706 -15.000118
v -25.990765 6.268626 -14.699970
v -25.990534 5.968730 66.799873
v -25.990534 5.968728 56.799957
v -25.990765 6.268647 57.099876
v 33.991161 7.595863 36.799892
v 33.991161 7.595860 26.799978
v 33.990929 7.295941 27.099897
v -25.992151 7.595853 4.999941
v -25.990534 5.968712 4.999941
v -25.990765 6.268631 4.700023
v -25.992151 7.595866 46.800037
v -25.990534 5.968725 46.800041
v -25.990765 6.268644 46.499889
v -25.992151 7.595847 -15.000118
v -25.992151 7.595850 -4.999972
v -25.991920 7.295931 -5.299892
v -25.992151 7.595872 66.799873
v -25.990534 5.968730 66.799873
v -25.990765 6.268650 66.499954
v -25.992151 7.595850 -4.999972
v -25.990534 5.968709 -4.999971
v -25.990765 6.268629 -5.299891
v -25.990534 5.968728 56.799957
v -25.992151 7.595869 56.799953
v -25.991920 7.295950 57.099873
v 33.989544 5.968712 4.999941
v 33.991161 7.595853 4.999941
v 33.990929 7.295934 4.700022
v 33.991161 7.595869 56.799953
v 33.989544 5.968728 56.799957
v 33.989773 6.268647 57.099876
v 33.989544 5.968734 76.800018
v 33.991161 7.595875 76.800018
v 33.990929 7.295956 76.499870
v 33.991161 7.595853 4.999941
v 33.989544 5.968712 4.999941
v 33.989773 6.268631 5.299860
v 33.991161 7.595850 -4.999972
v 33.989544 5.968709 -4.999971
v 33.989773 6.268629 -4.700052
v -25.990534 5.968706 -15.000118
v -25.990534 5.968703 -25.000036
v -25.990765 6.268622 -24.700117
v -25.990534 5.968709 -4.999971
v -25.992151 7.595850 -4.999972
v -25.991920 7.295931 -4.700053
v -25.992151 7.595847 -15.000118
v -25.990534 5.968706 -15.000118
v -25.990765 6.268625 -15.300037
v 33.991161 7.595847 -15.000118
v 33.989544 5.968706 -15.000118
v 33.989773 6.268626 -14.699970
v 33.989544 5.968706 -15.000118
v 33.991161 7.595847 -15.000118
v 33.990929 7.295928 -15.300037
v 33.991161 7.595844 -25.000036
v 33.989544 5.968703 -25.000036
v 33.989773 6.268622 -24.700117
v 33.989773 6.268629 -5.300123
v 33.989773 6.268626 -14.699970
v 33.989544 5.968706 -15.000118
v 33.990929 7.295925 -24.700117
v 33.990929 7.295928 -15.300037
v 33.991161 7.595847 -15.000118
v 33.990929 7.295941 27.099897
v 33.990929 7.295944 36.499973
v 33.991161 7.595863 36.799892
v -25.990765 6.268629 -4.700052
v -25.990765 6.268631 4.700023
v -25.990534 5.968712 4.999941
v -25.991920 7.295937 14.699938
v -25.991920 7.295934 5.299860
v -25.992151 7.595853 4.999941
v -25.991920 7.295944 36.499973
v -25.991920 7.295941 27.099897
v -25.992151 7.595860 26.799978
v -25.991920 7.295953 66.499954
v -25.991920 7.295950 57.099873
v -25.992151 7.595869 56.799953
v -25.990765 6.268631 5.299860
v -25.990765 6.268634 14.699938
v -25.990534 5.968715 14.999857
v -25.990765 6.268622 -24.700117
v -25.990765 6.268625 -15.300037
v -25.990534 5.968706 -15.000118
v 33.990929 7.295947 47.099957
v 33.990929 7.295950 56.499805
v 33.991161 7.595869 56.799953
v 33.989773 6.268641 36.499977
v 33.989773 6.268638 27.099897
v 33.989544 5.968719 26.799978
v 33.989773 6.268634 14.699938
v 33.989773 6.268631 5.299860
v 33.989544 5.968712 4.999941
v 33.989773 6.268638 24.699854
v 33.989773 6.268635 15.300007
v 33.989544 5.968715 14.999857
v -25.991920 7.295956 76.499870
v -25.991920 7.295953 67.100021
v -25.992151 7.595872 66.799873
v -25.991920 7.295928 -15.300037
v -25.991920 7.295925 -24.700117
v -25.992151 7.595844 -25.000036
v -25.990765 6.268641 37.100044
v -25.990765 6.268644 46.499889
v -25.990534 5.968725 46.800041
v -25.990765 6.268638 27.099897
v -25.990765 6.268641 36.499977
v -25.990534 5.968721 36.799896
v -25.991920 7.295950 56.500034
v -25.991920 7.295947 47.099957
v -25.992151 7.595866 46.800037
v -25.991920 7.295940 24.699854
v -25.991920 7.295938 15.300007
v -25.992151 7.595857 14.999857
v -25.990765 6.268644 47.099960
v -25.990765 6.268647 56.500038
v -25.990534 5.968728 56.799957
v 33.990929 7.295934 5.299860
v 33.990929 7.295937 14.699938
v 33.991161 7.595857 14.999857
v 33.989773 6.268647 56.499809
v 33.989773 6.268644 47.099960
v 33.989544 5.968725 46.800041
v -25.990765 6.268647 57.099876
v -25.990765 6.268650 66.499954
v -25.990534 5.968730 66.799873
v 33.989773 6.268644 46.499889
v 33.989773 6.268641 37.100044
v 33.989544 5.968721 36.799896
v 33.990929 7.295944 37.100040
v 33.990929 7.295947 46.499886
v 33.991161 7.595866 46.800037
v -25.990765 6.268626 -14.699970
v -25.990765 6.268629 -5.299891
v -25.990534 5.968709 -4.999971
v 33.990929 7.295938 15.300007
v 33.990929 7.295940 24.699854
v 33.991161 7.595860 25.000004
v -25.990765 6.268651 67.100021
v -25.990765 6.268653 76.499870
v -25.990534 5.968734 76.800018
v -25.991920 7.295947 46.499886
v -25.991920 7.295944 37.100040
v -25.992151 7.595863 36.799892
v -25.990765 6.268635 15.300007
v -25.990765 6.268638 24.699854
v -25.990534 5.968718 25.000004
v 33.989773 6.268650 66.499954
v 33.989773 6.268647 57.099876
v 33.989544 5.968728 56.799957
v 33.990929 7.295953 67.100021
v 33.990929 7.295956 76.499870
v 33.991161 7.595875 76.800018
v 33.989773 6.268653 76.499870
v 33.989773 6.268651 67.100021
v 33.989544 5.968730 66.799873
v -25.991920 7.295931 -5.299892
v -25.991920 7.295928 -14.699970
v -25.992151 7.595847 -15.000118
v -25.991920 7.295934 4.700022
v -25.991920 7.295931 -4.700053
v -25.992151 7.595850 -4.999972
v 33.989773 6.268625 -15.300037
v 33.989773 6.268622 -24.700117
v 33.989544 5.968703 -25.000036
v 33.989773 6.268631 4.700023
v 33.989773 6.268629 -4.700052
v 33.989544 5.968709 -4.999971
v 33.990929 7.295928 -14.699970
v 33.990929 7.295931 -5.300124
v 33.991161 7.595850 -4.999972
v 33.990929 7.295950 57.099873
v 33.990929 7.295953 66.499954
v 33.991161 7.595872 66.799873
v 33.990929 7.295931 -4.700053
v 33.990929 7.295934 4.700022
v 33.991161 7.595853 4.999941
v -5.536898 0.099951 -26.238758
v -5.536898 8.464177 -26.238760
v -5.766805 8.234038 -26.238760
v 15.651052 0.099951 -25.954323
v 15.651052 8.464177 -25.954092
v 15.420914 8.234038 -25.954092
v 21.897358 0.099951 -26.238758
v 22.081514 0.330089 -26.238758
v 21.713432 0.330089 -26.238758
v -8.935825 8.464209 77.860130
v -8.935825 0.099983 77.860130
v -9.165731 0.330121 77.860130
v -16.565041 8.464209 77.610817
v -13.008991 8.464209 77.610817
v -13.192917 8.234070 77.610817
v -9.093178 0.099951 -26.238758
v -5.536898 0.099951 -26.238758
v -5.766805 0.330089 -26.238758
v 15.752026 8.464209 77.610817
v 19.308075 8.464209 77.610817
v 19.124149 8.234070 77.610817
v 12.094772 8.464177 -25.954092
v 8.538723 8.464177 -25.954092
v 8.722649 8.234038 -25.954092
v 15.651052 8.464177 -25.954092
v 12.094772 8.464177 -25.954092
v 12.278929 8.234038 -25.954092
v -5.536898 8.464177 -26.238760
v -9.093178 8.464177 -26.238760
v -8.909021 8.234038 -26.238760
v 22.864353 8.464209 77.610817
v 23.048279 8.234070 77.610817
v 22.680197 8.234070 77.610817
v -8.935825 0.099983 77.860130
v -12.491875 0.099983 77.860130
v -12.307949 0.330121 77.860130
v 12.094772 8.464177 -25.954092
v 11.910847 8.234038 -25.954092
v 12.278929 8.234038 -25.954092
v -12.491875 0.099983 77.860130
v -12.676031 0.330121 77.860130
v -12.307949 0.330121 77.860130
v 26.420403 0.099983 77.610817
v 22.864353 0.099983 77.610817
v 23.048279 0.330121 77.610817
v -13.008991 0.099983 77.610817
v -13.192917 0.330121 77.610817
v -12.825066 0.330121 77.610817
v 15.752026 0.099983 77.610817
v 15.752026 8.464209 77.610817
v 15.981934 8.234070 77.610817
v 14.785030 0.099951 -26.238758
v 18.341311 0.099951 -26.238758
v 18.157154 0.330089 -26.238758
v -5.870090 0.099951 -25.954090
v -2.314042 0.099951 -25.954323
v -2.497967 0.330089 -25.954323
v 18.341311 0.099951 -26.238758
v 21.897358 0.099951 -26.238758
v 21.713432 0.330089 -26.238758
v -2.314042 0.099951 -25.954323
v 1.242238 0.099951 -25.954323
v 1.058313 0.330089 -25.954323
v -16.205507 0.099951 -26.238758
v -12.649227 0.099951 -26.238758
v -12.833153 0.330089 -26.238758
v -16.565041 0.099983 77.610817
v -16.565041 8.464209 77.610817
v -16.335133 8.234070 77.610817
v 4.798287 8.464177 -25.954092
v 1.242238 8.464177 -25.954092
v 1.426164 8.234038 -25.954092
v 8.538723 0.099951 -25.954090
v 12.094772 0.099951 -25.954323
v 11.910847 0.330089 -25.954323
v -5.870090 8.464177 -25.954092
v -5.870090 0.099951 -25.954090
v -5.640183 0.330089 -25.954090
v 22.864353 8.464209 77.610817
v 26.420403 8.464209 77.610817
v 26.190496 8.234070 77.610817
v 4.982444 8.464177 -25.954092
v 4.982444 0.099951 -25.954090
v 5.212582 0.330089 -25.954090
v 8.538723 8.464177 -25.954092
v 4.982444 8.464177 -25.954092
v 5.212582 8.234038 -25.954092
v 16.868519 8.464209 77.860130
v 20.424799 8.464209 77.860130
v 20.240643 8.234070 77.860130
v 20.424799 0.099983 77.860130
v 16.868519 0.099983 77.860130
v 17.098658 0.330121 77.860130
v -16.048153 0.099983 77.860130
v -19.604202 0.099983 77.860130
v -19.374296 0.330121 77.860130
v -16.048153 8.464209 77.860130
v -15.863997 8.234070 77.860130
v -16.232079 8.234070 77.860130
v 4.798287 0.099951 -25.954323
v 4.798287 8.464177 -25.954092
v 4.568380 8.234038 -25.954092
v 16.868519 0.099983 77.860130
v 16.868519 8.464209 77.860130
v 17.098658 8.234070 77.860130
v 19.308075 8.464209 77.610817
v 22.864353 8.464209 77.610817
v 22.680197 8.234070 77.610817
v -16.048153 0.099983 77.860130
v -16.232079 0.330121 77.860130
v -15.863997 0.330121 77.860130
v -9.452711 8.464209 77.610817
v -9.268785 8.234070 77.610817
v -9.636868 8.234070 77.610817
v 8.538723 8.464177 -25.954092
v 8.354797 8.234038 -25.954092
v 8.722649 8.234038 -25.954092
v -2.314042 8.464177 -25.954092
v -2.497967 8.234038 -25.954092
v -2.129885 8.234038 -25.954092
v -19.604202 0.099983 77.860130
v -19.604202 8.464209 77.860130
v -19.374296 8.234070 77.860130
v 8.538723 0.099951 -25.954090
v 8.722649 0.330089 -25.954090
v 8.354797 0.330089 -25.954090
v -12.649227 0.099951 -26.238758
v -12.465302 0.330089 -26.238758
v -12.833153 0.330089 -26.238758
v 18.341311 0.099951 -26.238758
v 18.525236 0.330089 -26.238758
v 18.157154 0.330089 -26.238758
v -9.452711 0.099983 77.610817
v -9.636868 0.330121 77.610817
v -9.268785 0.330121 77.610817
v 20.424799 0.099983 77.860130
v 20.240643 0.330121 77.860130
v 20.608725 0.330121 77.860130
v -12.491875 0.099983 77.860130
v -16.048153 0.099983 77.860130
v -15.863997 0.330121 77.860130
v 12.094772 0.099951 -25.954323
v 12.278929 0.330089 -25.954323
v 11.910847 0.330089 -25.954323
v 21.897358 8.464177 -26.238760
v 21.713432 8.234038 -26.238760
v 22.081514 8.234038 -26.238760
v 20.424799 8.464209 77.860130
v 20.608725 8.234070 77.860130
v 20.240643 8.234070 77.860130
v 14.785030 8.464177 -26.238760
v 14.785030 0.099951 -26.238758
v 15.015169 0.330089 -26.238758
v -12.491875 8.464209 77.860130
v -12.307949 8.234070 77.860130
v -12.676031 8.234070 77.860130
v 12.094772 0.099951 -25.954323
v 15.651052 0.099951 -25.954323
v 15.420914 0.330089 -25.954323
v -5.896662 8.464209 77.610817
v -5.896662 0.099983 77.610817
v -6.126569 0.330121 77.610817
v -9.452711 8.464209 77.610817
v -5.896662 8.464209 77.610817
v -6.126569 8.234070 77.610817
v -13.008991 8.464209 77.610817
v -9.452711 8.464209 77.610817
v -9.636868 8.234070 77.610817
v 19.308075 0.099983 77.610817
v 15.752026 0.099983 77.610817
v 15.981934 0.330121 77.610817
v 27.537127 0.099983 77.860130
v 23.980846 0.099983 77.860130
v 24.165003 0.330121 77.860130
v 1.242238 0.099951 -25.954323
v 4.798287 0.099951 -25.954323
v 4.568380 0.330089 -25.954323
v 20.424799 8.464209 77.860130
v 23.980846 8.464209 77.860130
v 23.796921 8.234070 77.860130
v 23.980846 8.464209 77.860130
v 27.537127 8.464209 77.860130
v 27.306990 8.234070 77.860130
v 19.308075 0.099983 77.610817
v 19.124149 0.330121 77.610817
v 19.492001 0.330121 77.610817
v 23.980846 0.099983 77.860130
v 20.424799 0.099983 77.860130
v 20.608725 0.330121 77.860130
v -12.649227 8.464177 -26.238760
v -16.205507 8.464177 -26.238760
v -15.975368 8.234038 -26.238760
v -13.008991 0.099983 77.610817
v -16.565041 0.099983 77.610817
v -16.335133 0.330121 77.610817
v 25.453638 8.464177 -26.238760
v 21.897358 8.464177 -26.238760
v 22.081514 8.234038 -26.238760
v -12.491875 8.464209 77.860130
v -8.935825 8.464209 77.860130
v -9.165731 8.234070 77.860130
v -2.314042 8.464177 -25.954092
v -5.870090 8.464177 -25.954092
v -5.640183 8.234038 -25.954092
v 1.242238 8.464177 -25.954092
v -2.314042 8.464177 -25.954092
v -2.129885 8.234038 -25.954092
v 23.980846 0.099983 77.860130
v 23.796921 0.330121 77.860130
v 24.165003 0.330121 77.860130
v -16.048153 8.464209 77.860130
v -12.491875 8.464209 77.860130
v -12.676031 8.234070 77.860130
v -9.093178 8.464177 -26.238760
v -12.649227 8.464177 -26.238760
v -12.465302 8.234038 -26.238760
v 18.341311 8.464177 -26.238760
v 14.785030 8.464177 -26.238760
v 15.015169 8.234038 -26.238760
v 21.897358 8.464177 -26.238760
v 18.341311 8.464177 -26.238760
v 18.525236 8.234038 -26.238760
v 19.308075 8.464209 77.610817
v 19.492001 8.234070 77.610817
v 19.124149 8.234070 77.610817
v -2.314042 0.099951 -25.954323
v -2.129885 0.330089 -25.954323
v -2.497967 0.330089 -25.954323
v 1.242238 0.099951 -25.954323
v 1.426164 0.330089 -25.954323
v 1.058313 0.330089 -25.954323
v 22.864353 0.099983 77.610817
v 22.680197 0.330121 77.610817
v 23.048279 0.330121 77.610817
v 23.980846 8.464209 77.860130
v 24.165003 8.234070 77.860130
v 23.796921 8.234070 77.860130
v 18.341311 8.464177 -26.238760
v 18.157154 8.234038 -26.238760
v 18.525236 8.234038 -26.238760
v -19.604202 8.464209 77.860130
v -16.048153 8.464209 77.860130
v -16.232079 8.234070 77.860130
v -13.008991 8.464209 77.610817
v -12.825066 8.234070 77.610817
v -13.192917 8.234070 77.610817
v -9.093178 0.099951 -26.238758
v -8.909021 0.330089 -26.238758
v -9.277103 0.330089 -26.238758
v 4.982444 0.099951 -25.954090
v 8.538723 0.099951 -25.954090
v 8.354797 0.330089 -25.954090
v -9.452711 0.099983 77.610817
v -13.008991 0.099983 77.610817
v -12.825066 0.330121 77.610817
v -5.896662 0.099983 77.610817
v -9.452711 0.099983 77.610817
v -9.268785 0.330121 77.610817
v 21.897358 0.099951 -26.238758
v 25.453638 0.099951 -26.238758
v 25.223499 0.330089 -26.238758
v -12.649227 0.099951 -26.238758
v -9.093178 0.099951 -26.238758
v -9.277103 0.330089 -26.238758
v 1.242238 8.464177 -25.954092
v 1.058313 8.234038 -25.954092
v 1.426164 8.234038 -25.954092
v 26.420403 8.464209 77.610817
v 26.420403 0.099983 77.610817
v 26.190496 0.330121 77.610817
v -9.093178 8.464177 -26.238760
v -9.277103 8.234038 -26.238760
v -8.909021 8.234038 -26.238760
v 27.537127 8.464209 77.860130
v 27.537127 0.099983 77.860130
v 27.306990 0.330121 77.860130
v -16.205507 8.464177 -26.238760
v -16.205507 0.099951 -26.238758
v -15.975368 0.330089 -26.238758
v 22.864353 0.099983 77.610817
v 19.308075 0.099983 77.610817
v 19.492001 0.330121 77.610817
v -12.649227 8.464177 -26.238760
v -12.833153 8.234038 -26.238760
v -12.465302 8.234038 -26.238760
v 25.453638 0.099951 -26.238758
v 25.453638 8.464177 -26.238760
v 25.223499 8.234038 -26.238760
v 33.989773 6.268626 -14.699970
v 33.990929 7.295928 -14.699970
v 33.991161 7.595847 -15.000118
v -25.990765 6.268653 76.499870
v -25.991920 7.295956 76.499870
v -25.992151 7.595875 76.800018
v 33.989773 6.268651 67.100021
v 33.990929 7.295953 67.100021
v 33.991161 7.595872 66.799873
v -25.991920 7.295950 57.099873
v -25.990765 6.268647 57.099876
v -25.990534 5.968728 56.799957
v 33.990929 7.295950 56.499805
v 33.989773 6.268647 56.499809
v 33.989544 5.968728 56.799957
v 33.990929 7.295931 -5.300124
v 33.989773 6.268629 -5.300123
v 33.989544 5.968709 -4.999971
v 33.989773 6.268635 15.300007
v 33.990929 7.295938 15.300007
v 33.991161 7.595857 14.999857
v 33.989773 6.268631 5.299860
v 33.990929 7.295934 5.299860
v 33.991161 7.595853 4.999941
v 33.989773 6.268641 37.100044
v 33.990929 7.295944 37.100040
v 33.991161 7.595863 36.799892
v 33.990929 7.295944 36.499973
v 33.989773 6.268641 36.499977
v 33.989544 5.968721 36.799896
v 33.990929 7.295953 66.499954
v 33.989773 6.268650 66.499954
v 33.989544 5.968730 66.799873
v 33.990929 7.295937 14.699938
v 33.989773 6.268634 14.699938
v 33.989544 5.968715 14.999857
v -25.990765 6.268638 24.699854
v -25.991920 7.295940 24.699854
v -25.992151 7.595860 25.000004
v -25.991920 7.295928 -14.699970
v -25.990765 6.268626 -14.699970
v -25.990534 5.968706 -15.000118
v 33.989773 6.268644 47.099960
v 33.990929 7.295947 47.099957
v 33.991161 7.595866 46.800037
v -25.991920 7.295938 15.300007
v -25.990765 6.268635 15.300007
v -25.990534 5.968715 14.999857
v -25.991920 7.295944 37.100040
v -25.990765 6.268641 37.100044
v -25.990534 5.968721 36.799896
v -25.991920 7.295947 47.099957
v -25.990765 6.268644 47.099960
v -25.990534 5.968725 46.800041
v -25.991920 7.295941 27.099897
v -25.990765 6.268638 27.099897
v -25.990534 5.968719 26.799978
v -25.990765 6.268641 36.499977
v -25.991920 7.295944 36.499973
v -25.992151 7.595863 36.799892
v 33.989773 6.268638 27.099897
v 33.990929 7.295941 27.099897
v 33.991161 7.595860 26.799978
v -25.990765 6.268650 66.499954
v -25.991920 7.295953 66.499954
v -25.992151 7.595872 66.799873
v 33.990929 7.295940 24.699854
v 33.989773 6.268638 24.699854
v 33.989544 5.968718 25.000004
v 33.990929 7.295947 46.499886
v 33.989773 6.268644 46.499889
v 33.989544 5.968725 46.800041
v -25.990765 6.268644 46.499889
v -25.991920 7.295947 46.499886
v -25.992151 7.595866 46.800037
v 33.990929 7.295956 76.499870
v 33.989773 6.268653 76.499870
v 33.989544 5.968734 76.800018
v -25.991920 7.295925 -24.700117
v -25.990765 6.268622 -24.700117
v -25.990534 5.968703 -25.000036
v -25.990765 6.268634 14.699938
v -25.991920 7.295937 14.699938
v -25.992151 7.595857 14.999857
v -25.990765 6.268647 56.500038
v -25.991920 7.295950 56.500034
v -25.992151 7.595869 56.799953
v -25.991920 7.295934 5.299860
v -25.990765 6.268631 5.299860
v -25.990534 5.968712 4.999941
v 33.989773 6.268629 -4.700052
v 33.990929 7.295931 -4.700053
v 33.991161 7.595850 -4.999972
v 33.989773 6.268647 57.099876
v 33.990929 7.295950 57.099873
v 33.991161 7.595869 56.799953
v 33.989773 6.268622 -24.700117
v 33.990929 7.295925 -24.700117
v 33.991161 7.595844 -25.000036
v 33.990929 7.295934 4.700022
v 33.989773 6.268631 4.700023
v 33.989544 5.968712 4.999941
v -25.990765 6.268631 4.700023
v -25.991920 7.295934 4.700022
v -25.992151 7.595853 4.999941
v -25.990765 6.268625 -15.300037
v -25.991920 7.295928 -15.300037
v -25.992151 7.595847 -15.000118
v 33.990929 7.295928 -15.300037
v 33.989773 6.268625 -15.300037
v 33.989544 5.968706 -15.000118
v -25.991920 7.295953 67.100021
v -25.990765 6.268651 67.100021
v -25.990534 5.968730 66.799873
v -25.990765 6.268629 -5.299891
v -25.991920 7.295931 -5.299892
v -25.992151 7.595850 -4.999972
v -25.991920 7.295931 -4.700053
v -25.990765 6.268629 -4.700052
v -25.990534 5.968709 -4.999971
v -16.335133 8.234070 77.610817
v -16.335133 0.330121 77.610817
v -16.565041 0.099983 77.610817
v 26.190496 0.330121 77.610817
v 26.190496 8.234070 77.610817
v 26.420403 8.464209 77.610817
v 5.212582 0.330089 -25.954090
v 5.212582 8.234038 -25.954092
v 4.982444 8.464177 -25.954092
v 15.981934 8.234070 77.610817
v 15.981934 0.330121 77.610817
v 15.752026 0.099983 77.610817
v 17.098658 8.234070 77.860130
v 17.098658 0.330121 77.860130
v 16.868519 0.099983 77.860130
v 15.420914 8.234038 -25.954092
v 15.420914 0.330089 -25.954323
v 15.651052 0.099951 -25.954323
v 15.015169 0.330089 -26.238758
v 15.015169 8.234038 -26.238760
v 14.785030 8.464177 -26.238760
v -9.165731 0.330121 77.860130
v -9.165731 8.234070 77.860130
v -8.935825 8.464209 77.860130
v -5.640183 0.330089 -25.954090
v -5.640183 8.234038 -25.954092
v -5.870090 8.464177 -25.954092
v 4.568380 8.234038 -25.954092
v 4.568380 0.330089 -25.954323
v 4.798287 0.099951 -25.954323
v -6.126569 0.330121 77.610817
v -6.126569 8.234070 77.610817
v -5.896662 8.464209 77.610817
v 25.223499 8.234038 -26.238760
v 25.223499 0.330089 -26.238758
v 25.453638 0.099951 -26.238758
v -5.766805 8.234038 -26.238760
v -5.766805 0.330089 -26.238758
v -5.536898 0.099951 -26.238758
v 27.306990 0.330121 77.860130
v 27.306990 8.234070 77.860130
v 27.537127 8.464209 77.860130
v -15.975368 0.330089 -26.238758
v -15.975368 8.234038 -26.238760
v -16.205507 8.464177 -26.238760
v -19.374296 8.234070 77.860130
v -19.374296 0.330121 77.860130
v -19.604202 0.099983 77.860130
v 22.864353 8.464209 77.610817
v 26.190496 8.234070 77.610817
v 23.048279 8.234070 77.610817
v -16.048153 0.099983 77.860130
v -19.374296 0.330121 77.860130
v -16.232079 0.330121 77.860130
v -9.452711 0.099983 77.610817
v -12.825066 0.330121 77.610817
v -9.636868 0.330121 77.610817
v -13.008991 8.464209 77.610817
v -9.636868 8.234070 77.610817
v -12.825066 8.234070 77.610817
v 21.897358 8.464177 -26.238760
v 18.525236 8.234038 -26.238760
v 21.713432 8.234038 -26.238760
v -16.048153 8.464209 77.860130
v -12.676031 8.234070 77.860130
v -15.863997 8.234070 77.860130
v -9.093178 8.464177 -26.238760
v -12.465302 8.234038 -26.238760
v -9.277103 8.234038 -26.238760
v 12.094772 8.464177 -25.954092
v 8.722649 8.234038 -25.954092
v 11.910847 8.234038 -25.954092
v 23.980846 8.464209 77.860130
v 27.306990 8.234070 77.860130
v 24.165003 8.234070 77.860130
v 19.308075 0.099983 77.610817
v 15.981934 0.330121 77.610817
v 19.124149 0.330121 77.610817
v -12.491875 0.099983 77.860130
v -15.863997 0.330121 77.860130
v -12.676031 0.330121 77.860130
v 20.424799 8.464209 77.860130
v 23.796921 8.234070 77.860130
v 20.608725 8.234070 77.860130
v 21.897358 0.099951 -26.238758
v 25.223499 0.330089 -26.238758
v 22.081514 0.330089 -26.238758
v 8.538723 8.464177 -25.954092
v 5.212582 8.234038 -25.954092
v 8.354797 8.234038 -25.954092
v 1.242238 0.099951 -25.954323
v 4.568380 0.330089 -25.954323
v 1.426164 0.330089 -25.954323
v -9.452711 8.464209 77.610817
v -6.126569 8.234070 77.610817
v -9.268785 8.234070 77.610817
v 1.242238 8.464177 -25.954092
v -2.129885 8.234038 -25.954092
v 1.058313 8.234038 -25.954092
v 18.341311 8.464177 -26.238760
v 15.015169 8.234038 -26.238760
v 18.157154 8.234038 -26.238760
v 19.308075 8.464209 77.610817
v 22.680197 8.234070 77.610817
v 19.492001 8.234070 77.610817
v -12.491875 8.464209 77.860130
v -9.165731 8.234070 77.860130
v -12.307949 8.234070 77.860130
v -9.093178 0.099951 -26.238758
v -5.766805 0.330089 -26.238758
v -8.909021 0.330089 -26.238758
v 18.341311 0.099951 -26.238758
v 21.713432 0.330089 -26.238758
v 18.525236 0.330089 -26.238758
v -2.314042 8.464177 -25.954092
v -5.640183 8.234038 -25.954092
v -2.497967 8.234038 -25.954092
v 22.864353 0.099983 77.610817
v 19.492001 0.330121 77.610817
v 22.680197 0.330121 77.610817
v 23.980846 0.099983 77.860130
v 20.608725 0.330121 77.860130
v 23.796921 0.330121 77.860130
v -12.649227 8.464177 -26.238760
v -15.975368 8.234038 -26.238760
v -12.833153 8.234038 -26.238760
v 8.538723 0.099951 -25.954090
v 11.910847 0.330089 -25.954323
v 8.722649 0.330089 -25.954090
v -13.008991 0.099983 77.610817
v -16.335133 0.330121 77.610817
v -13.192917 0.330121 77.610817
v -12.649227 0.099951 -26.238758
v -9.277103 0.330089 -26.238758
v -12.465302 0.330089 -26.238758
v -2.314042 0.099951 -25.954323
v 1.058313 0.330089 -25.954323
v -2.129885 0.330089 -25.954323
v 20.424799 0.099983 77.860130
v 17.098658 0.330121 77.860130
v 20.240643 0.330121 77.860130
v 12.094772 0.099951 -25.954323
v 15.420914 0.330089 -25.954323
v 12.278929 0.330089 -25.954323
v 15.752026 8.464209 77.610817
v 19.124149 8.234070 77.610817
v 15.981934 8.234070 77.610817
v -5.896662 0.099983 77.610817
v -9.268785 0.330121 77.610817
v -6.126569 0.330121 77.610817
v 15.651052 8.464177 -25.954092
v 12.278929 8.234038 -25.954092
v 15.420914 8.234038 -25.954092
v 26.420403 0.099983 77.610817
v 23.048279 0.330121 77.610817
v 26.190496 0.330121 77.610817
v -16.565041 8.464209 77.610817
v -13.192917 8.234070 77.610817
v -16.335133 8.234070 77.610817
v -8.935825 0.099983 77.860130
v -12.307949 0.330121 77.860130
v -9.165731 0.330121 77.860130
v 27.537127 0.099983 77.860130
v 24.165003 0.330121 77.860130
v 27.306990 0.330121 77.860130
v 16.868519 8.464209 77.860130
v 20.240643 8.234070 77.860130
v 17.098658 8.234070 77.860130
v -5.536898 8.464177 -26.238760
v -8.909021 8.234038 -26.238760
v -5.766805 8.234038 -26.238760
v 4.798287 8.464177 -25.954092
v 1.426164 8.234038 -25.954092
v 4.568380 8.234038 -25.954092
v -5.870090 0.099951 -25.954090
v -2.497967 0.330089 -25.954323
v -5.640183 0.330089 -25.954090
v 4.982444 0.099951 -25.954090
v 8.354797 0.330089 -25.954090
v 5.212582 0.330089 -25.954090
v -19.604202 8.464209 77.860130
v -16.232079 8.234070 77.860130
v -19.374296 8.234070 77.860130
v 14.785030 0.099951 -26.238758
v 18.157154 0.330089 -26.238758
v 15.015169 0.330089 -26.238758
v 25.453638 8.464177 -26.238760
v 22.081514 8.234038 -26.238760
v 25.223499 8.234038 -26.238760
v -16.205507 0.099951 -26.238758
v -12.833153 0.330089 -26.238758
v -15.975368 0.330089 -26.238758
v 19.308075 8.464209 77.610817
v 15.752026 8.464209 77.610817
v 15.752026 8.464209 77.814384
v -12.491875 8.464209 77.860130
v -16.048153 8.464209 77.860130
v -16.048153 8.464209 78.063698
v -12.649227 0.099951 -26.442326
v -9.093178 0.099951 -26.442326
v -9.093178 0.099951 -26.238758
v 14.785030 8.464177 -26.442327
v 14.785030 0.099951 -26.442326
v 14.785030 0.099951 -26.238758
v 25.453638 0.099951 -26.238758
v 21.897358 0.099951 -26.238758
v 21.897358 0.099951 -26.442326
v 22.864353 0.099983 77.610817
v 26.420403 0.099983 77.610817
v 26.420403 0.099983 77.814148
v 4.982444 0.099951 -26.157658
v 8.538723 0.099951 -26.157658
v 8.538723 0.099951 -25.954090
v -9.452711 0.099983 77.610817
v -5.896662 0.099983 77.610817
v -5.896662 0.099983 77.814384
v 1.242238 0.099951 -25.954323
v -2.314042 0.099951 -25.954323
v -2.314042 0.099951 -26.157658
v 8.538723 8.464177 -25.954092
v 12.094772 8.464177 -25.954092
v 12.094772 8.464177 -26.157660
v 4.982444 0.099951 -25.954090
v 4.982444 8.464177 -25.954092
v 4.982444 8.464177 -26.157660
v 18.341311 0.099951 -26.238758
v 18.341311 0.099951 -26.442326
v 22.864353 8.464209 77.814384
v 26.420403 8.464209 77.814384
v 26.420403 8.464209 77.610817
v 26.420403 0.099983 77.610817
v 26.420403 8.464209 77.610817
v 26.420403 8.464209 77.814384
v 27.537127 0.099983 78.063698
v 23.980846 0.099983 78.063698
v 23.980846 0.099983 77.860130
v -19.604202 8.464209 77.860130
v -19.604202 0.099983 77.860130
v -19.604202 0.099983 78.063698
v 12.094772 0.099951 -26.157658
v 15.651052 0.099951 -26.157658
v 15.651052 0.099951 -25.954323
v 12.094772 0.099951 -25.954323
v -5.896662 0.099983 77.610817
v -5.896662 8.464209 77.610817
v -5.896662 8.464209 77.814384
v 22.864353 0.099983 77.814384
v -5.870090 0.099951 -25.954090
v -5.870090 8.464177 -25.954092
v -5.870090 8.464177 -26.157660
v -12.649227 8.464177 -26.442327
v -16.205507 8.464177 -26.442327
v -16.205507 8.464177 -26.238760
v -8.935825 0.099983 77.860130
v -8.935825 8.464209 77.860130
v -8.935825 8.464209 78.063698
v -16.565041 0.099983 77.814384
v -16.565041 8.464209 77.814384
v -16.565041 8.464209 77.610817
v -16.205507 0.099951 -26.442326
v -12.649227 0.099951 -26.238758
v 15.752026 8.464209 77.610817
v 15.752026 0.099983 77.610817
v 15.752026 0.099983 77.814384
v 19.308075 8.464209 77.814384
v -5.870090 0.099951 -26.157658
v 4.982444 0.099951 -26.157658
v 27.537127 8.464209 78.063698
v 27.537127 0.099983 78.063698
v 27.537127 0.099983 77.860130
v -19.604202 8.464209 78.063698
v -5.896662 0.099983 77.814384
v 26.420403 0.099983 77.814148
v -16.205507 8.464177 -26.442327
v -16.205507 0.099951 -26.442326
v -16.205507 0.099951 -26.238758
v 16.868519 0.099983 78.063698
v 16.868519 8.464209 78.063698
v 16.868519 8.464209 77.860130
v -2.314042 8.464177 -26.157660
v -5.870090 8.464177 -26.157660
v -5.870090 8.464177 -25.954092
v 27.537127 8.464209 77.860130
v 23.980846 8.464209 77.860130
v 23.980846 8.464209 78.063698
v -19.604202 0.099983 77.860130
v -16.048153 0.099983 77.860130
v -16.048153 0.099983 78.063698
v -9.452711 0.099983 77.814384
v -12.491875 0.099983 77.860130
v -8.935825 0.099983 77.860130
v -8.935825 0.099983 78.063698
v 27.537127 8.464209 78.063698
v -2.314042 0.099951 -25.954323
v -5.870090 0.099951 -25.954090
v -5.870090 0.099951 -26.157658
v -13.008991 0.099983 77.814384
v -13.008991 0.099983 77.610817
v 1.242238 0.099951 -26.157658
v -16.565041 0.099983 77.814384
v -16.565041 0.099983 77.610817
v -9.452711 8.464209 77.610817
v -13.008991 8.464209 77.610817
v -13.008991 8.464209 77.814384
v 12.094772 0.099951 -25.954323
v 8.538723 0.099951 -25.954090
v 8.538723 0.099951 -26.157658
v -12.649227 8.464177 -26.238760
v -9.093178 8.464177 -26.238760
v -9.093178 8.464177 -26.442327
v -16.565041 8.464209 77.610817
v -16.565041 8.464209 77.814384
v -19.604202 8.464209 78.063698
v 20.424799 0.099983 78.063698
v 16.868519 0.099983 78.063698
v 16.868519 0.099983 77.860130
v -5.536898 8.464177 -26.238760
v -5.536898 0.099951 -26.238758
v -5.536898 0.099951 -26.442326
v 15.651052 8.464177 -25.954092
v 15.651052 0.099951 -25.954323
v 15.651052 0.099951 -26.157658
v 1.242238 8.464177 -25.954092
v 4.798287 8.464177 -25.954092
v 4.798287 8.464177 -26.157660
v 16.868519 0.099983 77.860130
v 20.424799 8.464209 78.063698
v -19.604202 0.099983 78.063698
v -8.935825 0.099983 78.063698
v 15.651052 8.464177 -26.157660
v 4.798287 0.099951 -26.157887
v 4.798287 0.099951 -25.954323
v -19.604202 8.464209 77.860130
v 22.864353 8.464209 77.610817
v 15.752026 8.464209 77.814384
v 19.308075 0.099983 77.814384
v 15.752026 0.099983 77.814384
v 15.752026 0.099983 77.610817
v 14.785030 0.099951 -26.442326
v 8.538723 8.464177 -26.157660
v 20.424799 0.099983 77.860130
v 19.308075 0.099983 77.610817
v -12.491875 0.099983 78.063698
v -5.536898 8.464177 -26.442327
v -12.491875 8.464209 78.063698
v 16.868519 8.464209 78.063698
v 20.424799 8.464209 77.860130
v 27.537127 8.464209 77.860130
v 27.537127 0.099983 77.860130
v -9.452711 8.464209 77.814384
v -5.896662 8.464209 77.814384
v -5.896662 8.464209 77.610817
v 15.651052 8.464177 -25.954092
v 15.651052 8.464177 -26.157660
v -2.314042 8.464177 -25.954092
v 1.242238 8.464177 -26.157660
v 4.982444 8.464177 -25.954092
v 14.785030 8.464177 -26.238760
v 16.868519 8.464209 77.860130
v -16.205507 0.099951 -26.238758
v 18.341311 8.464177 -26.238760
v 21.897358 8.464177 -26.238760
v 21.897358 8.464177 -26.442327
v -16.565041 0.099983 77.610817
v -16.205507 8.464177 -26.238760
v -5.536898 0.099951 -26.442326
v -5.536898 0.099951 -26.238758
v -8.935825 8.464209 77.860130
v -5.870090 0.099951 -26.157658
v 25.453638 0.099951 -26.442326
v 25.453638 8.464177 -26.238760
v 25.453638 8.464177 -26.442327
v 4.798287 0.099951 -26.157887
v 4.798287 8.464177 -26.157660
v 4.798287 8.464177 -25.954092
v -8.935825 8.464209 78.063698
v -5.536898 8.464177 -26.442327
v 25.453638 0.099951 -26.442326
v 25.453638 8.464177 -26.442327
v 25.453638 8.464177 -26.238760
v 4.982444 0.099951 -25.954090
v 14.785030 8.464177 -26.238760
v 18.341311 8.464177 -26.442327
v -5.536898 8.464177 -26.238760
v 4.798287 0.099951 -25.954323
v 4.982444 8.464177 -26.157660
v 3.999505 13.355071 -26.800014
v -1.810557 13.160287 -26.800014
v -6.879139 12.616136 -26.800014
v 14.785030 0.099951 -26.238758
v 25.453638 0.099951 -26.238758
v 14.785030 8.464177 -26.442327
v 9.809566 13.160319 78.599983
v 14.878149 12.616399 78.599983
v 19.332106 11.782724 78.599991
v 19.332106 11.782692 -26.800014
v 14.878149 12.616136 -26.800014
v 9.809566 13.160287 -26.800014
v -11.333096 11.782724 78.599991
v -6.879139 12.616399 78.599983
v -1.810557 13.160319 78.599983
v -6.879139 12.616136 -26.800014
v -11.333096 11.782692 -26.800014
v -15.302053 10.717264 -26.800014
v -9.277103 0.330089 -26.238758
v -9.277103 8.234038 -26.238760
v -9.277103 8.234038 -26.388720
v -12.307949 8.234070 78.010094
v -12.307949 0.330121 78.010094
v -12.307949 0.330121 77.860130
v -2.497967 8.234038 -26.104284
v -2.497967 0.330089 -26.104282
v -2.497967 0.330089 -25.954323
v 24.165003 0.330121 78.010094
v 27.306990 0.330121 78.010094
v 27.306990 0.330121 77.860130
v 27.306990 8.234070 78.010094
v 24.165003 8.234070 78.010094
v 24.165003 8.234070 77.860130
v 20.608725 8.234070 78.010094
v 20.608725 0.330121 78.010094
v 20.608725 0.330121 77.860130
v 20.608725 8.234070 77.860130
v -12.676031 8.234070 78.010094
v -15.863997 8.234070 78.010094
v -15.863997 8.234070 77.860130
v 21.713432 0.330089 -26.388718
v 18.525236 0.330089 -26.388718
v 18.525236 0.330089 -26.238758
v -12.307949 8.234070 77.860130
v -9.277103 0.330089 -26.388718
v -9.268785 0.330121 77.610817
v -9.268785 8.234070 77.610817
v -9.268785 8.234070 77.760773
v -12.307949 0.330121 78.010094
v -9.165731 0.330121 78.010094
v -9.165731 0.330121 77.860130
v 19.492001 0.330121 77.760773
v 22.680197 0.330121 77.760773
v 22.680197 0.330121 77.610817
v -15.863997 0.330121 77.860130
v -15.863997 8.234070 77.860130
v -15.863997 8.234070 78.010094
v -8.909021 0.330089 -26.238758
v -5.766805 0.330089 -26.238758
v -5.766805 0.330089 -26.388718
v -6.126569 8.234070 77.610817
v -6.126569 0.330121 77.610817
v -6.126569 0.330121 77.760773
v 20.240643 8.234070 77.860130
v 20.240643 0.330121 77.860130
v 20.240643 0.330121 78.010094
v -9.165731 8.234070 77.860130
v -9.165731 0.330121 77.860130
v -9.165731 0.330121 78.010094
v 23.048279 8.234070 77.760773
v 23.048279 0.330121 77.760773
v 23.048279 0.330121 77.610817
v -19.374296 8.234070 78.010094
v -19.374296 0.330121 78.010094
v -19.374296 0.330121 77.860130
v 5.212582 8.234038 -25.954092
v 5.212582 0.330089 -25.954090
v 5.212582 0.330089 -26.104282
v -5.640183 8.234038 -25.954092
v -5.640183 0.330089 -25.954090
v -5.640183 0.330089 -26.104282
v 25.223499 8.234038 -26.388720
v 25.223499 0.330089 -26.388718
v 25.223499 0.330089 -26.238758
v 18.157154 8.234038 -26.388720
v 18.157154 0.330089 -26.388718
v 18.157154 0.330089 -26.238758
v 12.278929 8.234038 -26.104284
v 15.420914 8.234038 -26.104284
v 15.420914 8.234038 -25.954092
v -2.129885 0.330089 -25.954323
v 1.058313 0.330089 -25.954323
v 1.058313 0.330089 -26.104282
v -13.192917 0.330121 77.760773
v -13.192917 8.234070 77.760773
v -13.192917 8.234070 77.610817
v 23.048279 0.330121 77.760773
v 26.190496 0.330121 77.760773
v 26.190496 0.330121 77.610817
v -6.126569 8.234070 77.760773
v 26.190496 0.330121 77.760773
v 26.190496 8.234070 77.760773
v 26.190496 8.234070 77.610817
v 12.278929 0.330089 -26.104282
v 12.278929 8.234038 -26.104284
v 12.278929 8.234038 -25.954092
v -5.766805 8.234038 -26.238760
v -8.909021 8.234038 -26.238760
v -8.909021 8.234038 -26.388720
v 18.157154 8.234038 -26.238760
v -19.374296 8.234070 77.860130
v -16.232079 8.234070 77.860130
v -16.232079 8.234070 78.010094
v 25.223499 8.234038 -26.238760
v 22.081514 8.234038 -26.238760
v 22.081514 8.234038 -26.388720
v -9.636868 8.234070 77.760773
v -12.825066 8.234070 77.760773
v -12.825066 8.234070 77.610817
v 4.568380 0.330089 -26.104282
v 1.426164 0.330089 -26.104282
v 1.426164 0.330089 -25.954323
v -19.374296 8.234070 78.010094
v 20.240643 0.330121 77.860130
v 17.098658 0.330121 77.860130
v 17.098658 0.330121 78.010094
v 20.240643 0.330121 78.010094
v -12.465302 0.330089 -26.238758
v -9.277103 0.330089 -26.238758
v -9.277103 0.330089 -26.388718
v -16.232079 0.330121 77.860130
v -19.374296 0.330121 77.860130
v -19.374296 0.330121 78.010094
v 15.420914 0.330089 -26.104282
v 12.278929 0.330089 -26.104282
v 12.278929 0.330089 -25.954323
v 15.981934 8.234070 77.610817
v 19.124149 8.234070 77.610817
v 19.124149 8.234070 77.760773
v -8.909021 0.330089 -26.388718
v 19.124149 0.330121 77.610817
v 15.981934 0.330121 77.610817
v 15.981934 0.330121 77.760773
v 19.492001 8.234070 77.760773
v 19.492001 0.330121 77.760773
v 19.492001 0.330121 77.610817
v -9.268785 0.330121 77.760773
v 23.048279 8.234070 77.610817
v -12.825066 0.330121 77.610817
v -12.825066 8.234070 77.610817
v -12.825066 8.234070 77.760773
v -16.232079 0.330121 78.010094
v 19.492001 8.234070 77.610817
v 27.306990 8.234070 77.860130
v 27.306990 0.330121 77.860130
v 27.306990 0.330121 78.010094
v -15.975368 0.330089 -26.238758
v -12.833153 0.330089 -26.238758
v -12.833153 0.330089 -26.388718
v 24.165003 8.234070 78.010094
v 24.165003 0.330121 78.010094
v 24.165003 0.330121 77.860130
v 11.910847 8.234038 -26.104284
v 11.910847 0.330089 -26.104282
v 11.910847 0.330089 -25.954323
v 15.015169 0.330089 -26.388718
v 15.015169 8.234038 -26.388720
v 15.015169 8.234038 -26.238760
v 19.492001 8.234070 77.610817
v 22.680197 8.234070 77.610817
v 22.680197 8.234070 77.760773
v 25.223499 0.330089 -26.388718
v 22.081514 0.330089 -26.388718
v 22.081514 0.330089 -26.238758
v 1.058313 0.330089 -25.954323
v 1.058313 8.234038 -25.954092
v 1.058313 8.234038 -26.104284
v 8.354797 0.330089 -25.954090
v 8.354797 8.234038 -25.954092
v 8.354797 8.234038 -26.104284
v 4.568380 0.330089 -25.954323
v 4.568380 8.234038 -25.954092
v 4.568380 8.234038 -26.104284
v -12.465302 8.234038 -26.388720
v -9.277103 8.234038 -26.388720
v -9.277103 8.234038 -26.238760
v -9.268785 8.234070 77.610817
v -6.126569 8.234070 77.610817
v -6.126569 8.234070 77.760773
v -12.825066 0.330121 77.760773
v 19.492001 8.234070 77.760773
v 19.124149 0.330121 77.760773
v 19.124149 8.234070 77.760773
v 19.124149 8.234070 77.610817
v 8.354797 0.330089 -26.104282
v 5.212582 0.330089 -26.104282
v 5.212582 0.330089 -25.954090
v 25.223499 0.330089 -26.238758
v 15.981934 0.330121 77.610817
v 15.981934 8.234070 77.610817
v 15.981934 8.234070 77.760773
v 17.098658 0.330121 77.860130
v 17.098658 8.234070 77.860130
v 17.098658 8.234070 78.010094
v -15.863997 0.330121 78.010094
v -12.676031 8.234070 77.860130
v -12.307949 0.330121 77.860130
v -9.268785 0.330121 77.760773
v -6.126569 0.330121 77.760773
v -6.126569 0.330121 77.610817
v 4.568380 0.330089 -26.104282
v -2.497967 0.330089 -26.104282
v -5.640183 0.330089 -26.104282
v -5.640183 0.330089 -25.954090
v 15.015169 0.330089 -26.238758
v 18.157154 0.330089 -26.238758
v 18.157154 0.330089 -26.388718
v 15.981934 8.234070 77.760773
v 25.223499 8.234038 -26.388720
v -5.640183 8.234038 -26.104284
v 1.426164 0.330089 -26.104282
v 1.426164 8.234038 -26.104284
v 1.426164 8.234038 -25.954092
v -2.129885 0.330089 -26.104282
v -2.129885 8.234038 -26.104284
v -2.129885 8.234038 -25.954092
v 23.048279 8.234070 77.610817
v 26.190496 8.234070 77.610817
v 26.190496 8.234070 77.760773
v -16.335133 0.330121 77.760773
v -13.192917 0.330121 77.760773
v -13.192917 0.330121 77.610817
v 19.124149 0.330121 77.610817
v -9.636868 8.234070 77.610817
v -9.636868 0.330121 77.610817
v -9.636868 0.330121 77.760773
v -2.129885 0.330089 -26.104282
v -9.268785 8.234070 77.760773
v 19.492001 0.330121 77.610817
v -16.232079 8.234070 77.860130
v -16.232079 0.330121 77.860130
v -16.232079 0.330121 78.010094
v 15.981934 0.330121 77.760773
v 11.910847 8.234038 -25.954092
v 8.722649 8.234038 -25.954092
v 8.722649 8.234038 -26.104284
v -16.335133 8.234070 77.610817
v -13.192917 8.234070 77.610817
v -13.192917 8.234070 77.760773
v 19.124149 0.330121 77.760773
v -9.636868 8.234070 77.610817
v 26.190496 0.330121 77.610817
v 20.608725 0.330121 78.010094
v 23.796921 0.330121 78.010094
v 23.796921 0.330121 77.860130
v 20.608725 0.330121 77.860130
v -9.165731 8.234070 78.010094
v 27.306990 8.234070 78.010094
v 23.048279 0.330121 77.610817
v 22.081514 0.330089 -26.388718
v 22.081514 8.234038 -26.388720
v 22.081514 8.234038 -26.238760
v -9.268785 0.330121 77.610817
v -12.465302 8.234038 -26.238760
v -12.465302 0.330089 -26.238758
v -12.465302 0.330089 -26.388718
v 20.608725 8.234070 77.860130
v 23.796921 8.234070 77.860130
v 23.796921 8.234070 78.010094
v -15.975368 8.234038 -26.388720
v -12.833153 8.234038 -26.388720
v -12.833153 8.234038 -26.238760
v -16.335133 0.330121 77.610817
v -2.497967 8.234038 -25.954092
v -5.766805 8.234038 -26.388720
v 15.015169 0.330089 -26.388718
v 5.212582 8.234038 -26.104284
v 8.354797 8.234038 -26.104284
v 8.354797 8.234038 -25.954092
v 18.525236 0.330089 -26.388718
v 18.525236 8.234038 -26.388720
v 18.525236 8.234038 -26.238760
v 8.722649 0.330089 -25.954090
v 11.910847 0.330089 -25.954323
v 11.910847 0.330089 -26.104282
v 23.048279 8.234070 77.760773
v 5.212582 8.234038 -25.954092
v -5.640183 0.330089 -25.954090
v -2.497967 0.330089 -25.954323
v -2.497967 0.330089 -26.104282
v -13.192917 0.330121 77.610817
v -16.232079 8.234070 78.010094
v -15.975368 0.330089 -26.388718
v -15.975368 8.234038 -26.388720
v -15.975368 8.234038 -26.238760
v 17.098658 0.330121 78.010094
v -5.766805 8.234038 -26.388720
v -5.766805 0.330089 -26.388718
v -5.766805 0.330089 -26.238758
v -9.636868 8.234070 77.760773
v -12.676031 0.330121 77.860130
v -15.863997 0.330121 77.860130
v -15.863997 0.330121 78.010094
v 22.081514 0.330089 -26.238758
v 4.568380 8.234038 -25.954092
v 1.426164 8.234038 -25.954092
v 1.426164 8.234038 -26.104284
v -16.335133 8.234070 77.760773
v -16.335133 0.330121 77.760773
v -16.335133 0.330121 77.610817
v 12.278929 8.234038 -25.954092
v 20.240643 8.234070 78.010094
v 17.098658 8.234070 78.010094
v 17.098658 8.234070 77.860130
v 15.015169 0.330089 -26.238758
v 11.910847 0.330089 -26.104282
v 8.722649 0.330089 -26.104282
v 8.722649 0.330089 -25.954090
v -5.766805 8.234038 -26.238760
v 21.713432 8.234038 -26.238760
v 18.525236 8.234038 -26.238760
v 18.525236 8.234038 -26.388720
v 22.680197 8.234070 77.610817
v 22.680197 0.330121 77.610817
v 22.680197 0.330121 77.760773
v -12.833153 0.330089 -26.238758
v -12.833153 8.234038 -26.238760
v -12.833153 8.234038 -26.388720
v -12.307949 8.234070 77.860130
v -9.165731 8.234070 77.860130
v -9.165731 8.234070 78.010094
v 8.722649 0.330089 -26.104282
v 8.722649 8.234038 -26.104284
v 8.722649 8.234038 -25.954092
v 5.212582 8.234038 -26.104284
v -16.335133 8.234070 77.610817
v 21.713432 0.330089 -26.238758
v 21.713432 8.234038 -26.238760
v 21.713432 8.234038 -26.388720
v 23.796921 8.234070 77.860130
v 23.796921 0.330121 77.860130
v 23.796921 0.330121 78.010094
v -2.129885 8.234038 -26.104284
v 1.058313 8.234038 -26.104284
v 1.058313 8.234038 -25.954092
v -9.636868 0.330121 77.610817
v -12.825066 0.330121 77.610817
v -12.825066 0.330121 77.760773
v 24.165003 0.330121 77.860130
v 20.608725 8.234070 78.010094
v -2.497967 8.234038 -25.954092
v -5.640183 8.234038 -25.954092
v -5.640183 8.234038 -26.104284
v -12.676031 0.330121 78.010094
v 20.240643 8.234070 77.860130
v 23.796921 8.234070 78.010094
v -12.676031 0.330121 78.010094
v -12.676031 8.234070 78.010094
v -12.676031 8.234070 77.860130
v 20.240643 8.234070 78.010094
v -9.636868 0.330121 77.760773
v 1.426164 0.330089 -25.954323
v 12.278929 0.330089 -25.954323
v 18.157154 8.234038 -26.238760
v 15.015169 8.234038 -26.238760
v 15.015169 8.234038 -26.388720
v -16.335133 8.234070 77.760773
v 15.420914 0.330089 -25.954323
v 15.420914 8.234038 -25.954092
v 15.420914 8.234038 -26.104284
v -12.465302 8.234038 -26.388720
v 1.058313 0.330089 -26.104282
v 8.354797 0.330089 -26.104282
v -12.465302 8.234038 -26.238760
v -15.975368 0.330089 -26.238758
v 21.713432 8.234038 -26.388720
v 11.910847 8.234038 -25.954092
v -12.833153 0.330089 -26.388718
v -12.465302 0.330089 -26.388718
v 21.713432 0.330089 -26.388718
v 4.568380 0.330089 -25.954323
v 15.420914 0.330089 -25.954323
v 8.354797 0.330089 -25.954090
v -15.975368 0.330089 -26.388718
v -19.374296 8.234070 77.860130
v -2.497967 8.234038 -26.104284
v 11.910847 8.234038 -26.104284
v 8.722649 0.330089 -25.954090
v 22.680197 8.234070 77.760773
v 21.713432 0.330089 -26.238758
v 4.568380 8.234038 -26.104284
v 24.165003 8.234070 77.860130
v -12.307949 8.234070 78.010094
v -12.676031 0.330121 77.860130
v -2.129885 8.234038 -25.954092
v -2.129885 0.330089 -25.954323
v 18.157154 8.234038 -26.388720
v -15.975368 8.234038 -26.238760
v 27.306990 8.234070 77.860130
v 25.223499 8.234038 -26.238760
v 15.420914 0.330089 -26.104282
v 18.525236 0.330089 -26.238758
v -8.909021 0.330089 -26.388718
v -8.909021 8.234038 -26.388720
v -8.909021 8.234038 -26.238760
v -8.909021 0.330089 -26.238758
vn 0.0005 -0.0000 1.0000
vn -0.0002 1.0000 -0.0000
vn -0.0001 1.0000 -0.0000
vn -0.0000 1.0000 -0.0000
vn 0.0001 1.0000 -0.0000
vn 0.0004 1.0000 -0.0000
vn 0.0003 1.0000 -0.0000
vn 0.0002 1.0000 -0.0000
vn -1.0000 -0.0005 -0.0000
vn 1.0000 -0.0005 -0.0000
vn -0.0335 -0.9994 -0.0000
vn 0.0335 -0.9994 -0.0000
vn 0.0329 -0.9995 -0.0000
vn -0.0332 -0.9995 -0.0000
vn 0.0332 -0.9995 -0.0000
vn -0.0330 -0.9995 -0.0000
vn 0.0006 -0.0000 -1.0000
vn 0.0006 -0.0000 1.0000
vn -0.0006 -0.0000 -1.0000
vn 0.0005 -0.0000 -1.0000
vn -0.0005 -0.0000 1.0000
vn -0.1067 -0.9943 -0.0000
vn 0.1067 -0.9943 -0.0000
vn 0.1840 -0.9829 -0.0000
vn -0.1840 -0.9829 -0.0000
vn -0.0005 -0.0000 -1.0000
vn -0.2593 -0.9658 -0.0000
vn 0.2593 -0.9658 -0.0000
vn -0.3251 -0.9457 -0.0000
vn 0.3251 -0.9457 -0.0000
vn -0.3736 -0.9276 -0.0000
vn 0.3736 -0.9276 -0.0000
vn -0.3991 -0.9169 -0.0000
vn 0.3991 -0.9169 -0.0000
vn -0.0003 1.0000 -0.0000
vn -0.0004 1.0000 -0.0000
vn -1.0000 -0.0004 -0.0000
vn 1.0000 -0.0004 -0.0000
vn 0.0332 -0.9994 -0.0000
vn 0.0330 -0.9995 -0.0000
vn -0.1072 -0.9942 -0.0000
vn -0.9848 -0.0000 -0.1736
vn 0.0862 -0.0000 -0.9963
vn 0.9849 -0.0000 0.1731
vn -0.0864 -0.0000 -0.9963
vn -0.0863 -0.0000 -0.9963
vn -0.9961 -0.0000 0.0878
vn -0.9962 -0.0000 0.0876
vn -0.1736 -0.0000 0.9848
vn 0.9962 -0.0000 -0.0872
vn -0.9849 -0.0000 -0.1730
vn -0.8911 -0.0000 0.4537
vn -0.8912 -0.0000 0.4536
vn -0.0863 -0.0000 0.9963
vn -0.0864 -0.0000 0.9963
vn -0.9849 -0.0000 -0.1731
vn 0.0866 -0.0000 0.9962
vn -0.9961 -0.0000 -0.0878
vn -0.9962 -0.0000 -0.0876
vn -0.0866 -0.0000 -0.9962
vn 0.9962 -0.0000 0.0872
vn -0.8913 -0.0000 0.4535
vn 0.1736 -0.0000 -0.9848
vn -0.1737 -0.0000 0.9848
vn 0.0864 -0.0000 0.9963
vn 0.0865 -0.0000 0.9963
vn 0.9961 -0.0000 0.0877
vn 0.9961 -0.0000 0.0878
vn -0.9849 -0.0000 -0.1732
vn 0.8912 -0.0000 -0.4536
vn 0.8911 -0.0000 -0.4537
vn 0.0863 -0.0000 0.9963
vn -0.4540 -0.0000 -0.8910
vn -0.0865 -0.0000 0.9963
vn 0.4540 -0.0000 0.8910
vn 0.8910 -0.0000 -0.4540
vn -0.0000 -1.0000 -0.0000
vn -0.1839 -0.9829 -0.0000
vn 0.1839 -0.9829 -0.0000
vn 1.0000 -0.0000 -0.0000
vn -1.0000 -0.0000 -0.0000
vn 0.9849 -0.0000 0.1729
vn 0.9849 -0.0000 0.1730
vn 0.9962 -0.0000 -0.0876
vn 0.9962 -0.0000 -0.0874
vn 0.9961 -0.0000 -0.0877
vn -0.9962 -0.0000 0.0874
vn -0.9962 -0.0000 0.0871
vn 0.2119 -0.0000 0.9773
vn -0.9849 -0.0000 -0.1734
vn -0.2119 -0.0000 -0.9773
vn -0.9849 -0.0000 -0.1729
vn 0.9849 -0.0000 0.1734
vn 0.9849 -0.0000 0.1732
vn 0.1732 -0.0000 -0.9849
vn -0.1734 -0.0000 0.9849
vn -0.9774 -0.0000 0.2114
vn 0.9774 -0.0000 -0.2114
vn -0.0865 -0.0000 -0.9963
vn 0.0862 -0.0000 0.9963
vn -0.9774 -0.0000 0.2115
vn 0.9774 -0.0000 -0.2113
vn 0.1737 -0.0000 -0.9848
vn 0.7666 -0.0000 -0.6421
vn -0.5005 -0.0000 0.8657
vn -0.5004 -0.0000 0.8658
vn -0.8660 -0.0000 -0.5000
vn 0.8660 -0.0000 0.5000
vn -0.6423 -0.0000 -0.7665
vn -0.5000 -0.0000 0.8660
vn -0.7665 -0.0000 0.6423
vn -0.7663 -0.0000 0.6424
vn 0.1738 -0.0000 -0.9848
vn -0.6428 -0.0000 -0.7660
vn 0.6423 -0.0000 0.7665
vn 0.6421 -0.0000 0.7666
vn 0.6424 -0.0000 0.7664
vn -0.9849 -0.0000 -0.1733
vn 0.5005 -0.0000 -0.8657
vn 0.5004 -0.0000 -0.8658
vn -0.0006 -0.0000 1.0000
vn 1.0000 0.0010 -0.0000
vn -1.0000 0.0009 -0.0000
vn -1.0000 0.0010 -0.0000
vn 1.0000 0.0009 -0.0000
vn -0.9660 -0.0000 -0.2584
vn -0.9659 -0.0000 -0.2589
vn -0.9659 -0.0000 -0.2588
vn 0.9659 -0.0000 0.2588
vn 0.9659 -0.0000 -0.2588
vn -0.5743 -0.0000 0.8186
vn -0.9660 -0.0000 0.2584
vn -0.5744 -0.0000 0.8186
vn 0.4781 -0.0000 -0.8783
vn 0.5743 -0.0000 -0.8186
vn -0.4781 -0.0000 0.8783
vn 0.5744 -0.0000 -0.8186
vn -0.9659 -0.0000 0.2588
vn -0.6394 -0.0000 0.7689
vn 0.6393 -0.0000 -0.7689
vn -0.9659 -0.0000 0.2589
vn 0.5741 -0.0000 -0.8188
vn 0.5742 -0.0000 -0.8187
vn 0.9659 -0.0000 0.2589
vn -0.9660 -0.0000 0.2586
vn 0.5745 -0.0000 -0.8185
vn 0.2593 -0.0000 -0.9658
vn 0.2588 -0.0000 -0.9659
vn 0.2591 -0.0000 -0.9658
vn 0.2592 -0.0000 -0.9658
vn 0.2587 -0.0000 -0.9659
vn 0.2591 -0.0000 -0.9659
vn -0.2592 -0.0000 0.9658
vn 0.2594 -0.0000 -0.9658
vn 0.2593 -0.0000 0.9658
vn -0.8191 -0.0000 -0.5736
vn -0.8189 -0.0000 -0.5739
vn -0.2593 -0.0000 0.9658
vn -0.2593 -0.0000 -0.9658
vn -0.2587 -0.0000 0.9659
vn 0.8188 -0.0000 0.5741
vn 0.8188 -0.0000 0.5740
vn 0.2588 -0.0000 0.9659
vn 0.8191 -0.0000 0.5736
vn 0.8783 -0.0000 0.4780
vn -0.2591 -0.0000 -0.9659
vn -0.8188 -0.0000 -0.5740
vn 0.2591 -0.0000 0.9658
vn -0.8189 -0.0000 -0.5740
vn 0.7691 -0.0000 0.6391
vn 0.8187 -0.0000 0.5742
vn 0.8189 -0.0000 0.5740
vn 0.8189 -0.0000 0.5739
vn -0.2587 -0.0000 -0.9659
vn -0.2594 -0.0000 0.9658
vn 0.7693 -0.0000 0.6389
vn -0.8783 -0.0000 -0.4780
vn -0.8187 -0.0000 -0.5742
vn -0.7693 -0.0000 -0.6389
vn -0.2588 -0.0000 -0.9659
vn -0.7692 -0.0000 -0.6390
vn -0.2591 -0.0000 0.9659
vn -1.0000 0.0010 0.0001
vn -1.0000 0.0010 0.0003
vn -1.0000 0.0010 0.0002
vn 1.0000 0.0010 -0.0003
vn 1.0000 0.0010 -0.0001
vn -1.0000 0.0009 0.0004
vn -1.0000 0.0008 -0.0000
vn 1.0000 0.0008 -0.0000
vn -1.0000 0.0010 -0.0002
vn 1.0000 0.0010 0.0002
vn -1.0000 0.0009 0.0005
vn 1.0000 0.0011 -0.0000
vn 1.0000 0.0009 -0.0003
vn 1.0000 0.0009 -0.0004
vn -1.0000 0.0011 -0.0000
vn 0.0004 -0.0000 1.0000
vn -1.0000 0.0009 -0.0001
vn 1.0000 0.0009 0.0001
vn -1.0000 0.0011 0.0004
vn -1.0000 0.0011 0.0003
vn 1.0000 0.0011 -0.0004
vn 0.0001 -0.0001 1.0000
vt 0.629639 0.504944
vt 0.808716 0.835693
vt 0.808716 0.504944
vt 0.498352 0.501709
vt 0.001892 0.501770
vt 0.001953 0.998108
vt 0.498413 0.998047
vt 0.785156 0.996338
vt 0.667786 0.764832
vt 0.003723 0.372253
vt 0.497253 0.372253
vt 0.497253 0.082703
vt 0.003723 0.082703
vt 0.503113 0.002441
vt 0.503113 0.246704
vt 0.623108 0.246704
vt 0.623108 0.002441
vt 0.623108 0.002502
vt 0.503113 0.002502
vt 0.004761 0.078491
vt 0.004639 0.372009
vt 0.487854 0.371826
vt 0.487854 0.078491
vt 0.634399 0.603455
vt 0.503113 0.253113
vt 0.503113 0.497314
vt 0.623108 0.497314
vt 0.623108 0.253113
vt 0.756836 0.504944
vt 0.934143 0.496704
vt 0.934143 0.002869
vt 0.753540 0.002869
vt 0.753540 0.496704
vt 0.515808 0.513428
vt 0.515808 0.642883
vt 0.610718 0.642883
vt 0.610718 0.513428
vt 0.723755 0.893372
vt 0.808716 0.996338
vt 0.693604 0.832092
vt 0.753174 0.835693
vt 0.756836 0.950806
vt 0.756836 0.835754
vt 0.747498 0.377991
vt 0.628052 0.377991
vt 0.628052 0.497314
vt 0.747498 0.497314
vt 0.104065 0.997375
vt 0.104370 0.503662
vt 0.010620 0.503601
vt 0.010315 0.997314
vt 0.997803 0.605530
vt 0.997803 0.996460
vt 0.940430 0.996460
vt 0.940430 0.605530
vt 0.941589 0.799805
vt 0.941650 0.996155
vt 0.997314 0.996094
vt 0.997253 0.799866
vt 0.628296 0.246826
vt 0.747009 0.246826
vt 0.747009 0.128052
vt 0.628296 0.128052
vt 0.747498 0.379456
vt 0.628296 0.379456
vt 0.628296 0.492187
vt 0.747498 0.492187
vt 0.502380 0.996948
vt 0.619629 0.996948
vt 0.619629 0.750183
vt 0.502380 0.750183
vt 0.747070 0.378174
vt 0.628174 0.378174
vt 0.628174 0.497070
vt 0.747070 0.497070
vt 0.002380 0.435852
vt 0.497620 0.435852
vt 0.497620 0.377014
vt 0.002380 0.377014
vt 0.747803 0.377686
vt 0.628235 0.377686
vt 0.628235 0.497253
vt 0.747803 0.497253
vt 0.747803 0.252319
vt 0.628235 0.252319
vt 0.628235 0.371887
vt 0.747803 0.371887
vt 0.878723 0.663025
vt 0.878662 0.571838
vt 0.934692 0.608582
vt 0.934326 0.996094
vt 0.878662 0.996155
vt 0.878662 0.799805
vt 0.497620 0.498230
vt 0.497620 0.439453
vt 0.002380 0.439453
vt 0.002380 0.498230
vt 0.878601 0.996582
vt 0.934631 0.997009
vt 0.934753 0.663025
vt 0.934326 0.799866
vt 0.104187 0.504028
vt 0.011169 0.504028
vt 0.011169 0.653564
vt 0.104187 0.653564
vt 0.940430 0.541809
vt 0.997803 0.541809
vt 0.686096 0.001892
vt 0.627319 0.001892
vt 0.627319 0.122803
vt 0.685059 0.001343
vt 0.685059 0.123352
vt 0.627869 0.123352
vt 0.627869 0.001343
vt 0.686096 0.122803
vt 0.647583 0.689331
vt 0.949646 0.015381
vt 0.949646 0.487915
vt 0.990906 0.487915
vt 0.990906 0.015381
vt 0.949646 0.014893
vt 0.949646 0.487488
vt 0.990906 0.487488
vt 0.990906 0.014893
vt 0.690613 0.002441
vt 0.690613 0.122253
vt 0.747437 0.122253
vt 0.747437 0.002441
vt 0.690186 0.031921
vt 0.690186 0.092896
vt 0.748291 0.092896
vt 0.748291 0.031921
vt 0.943909 0.495911
vt 0.996094 0.495911
vt 0.996094 0.003723
vt 0.943909 0.003723
vt 0.990906 0.477600
vt 0.949646 0.477600
vt 0.497253 0.003540
vt 0.482483 0.018127
vt 0.003723 0.003540
vt 0.018555 0.068115
vt 0.018555 0.018127
vt 0.482483 0.068115
vt 0.992615 0.496521
vt 0.992615 0.005920
vt 0.944702 0.019409
vt 0.987427 0.169495
vt 0.949890 0.161011
vt 0.949890 0.177917
vt 0.944702 0.483032
vt 0.987427 0.005920
vt 0.949890 0.016541
vt 0.987427 0.333008
vt 0.949890 0.324524
vt 0.949890 0.341431
vt 0.987427 0.496521
vt 0.949890 0.485962
vt 0.990417 0.167969
vt 0.990417 0.003967
vt 0.948914 0.003967
vt 0.990417 0.331970
vt 0.948914 0.167969
vt 0.943176 0.003967
vt 0.943176 0.495972
vt 0.996155 0.495972
vt 0.948914 0.331970
vt 0.948914 0.495972
vt 0.990417 0.495972
vt 0.996155 0.003967
vt 0.943542 0.344666
vt 0.943542 0.496033
vt 0.995422 0.496033
vt 0.995422 0.344666
vt 0.943542 0.326965
vt 0.943542 0.173401
vt 0.995422 0.173401
vt 0.995422 0.326965
vt 0.995361 0.155701
vt 0.995361 0.004395
vt 0.943542 0.004395
vt 0.943970 0.003601
vt 0.943970 0.495605
vt 0.996155 0.495605
vt 0.996155 0.003601
vt 0.943542 0.155701
vt 0.995422 0.004395
vt 0.995361 0.173401
vt 0.995422 0.155701
s 1
usemtl HangarMaterial
f 1/1/1 2/2/1 3/3/1
f 4/4/2 5/5/2 6/6/2
f 7/4/3 8/5/3 9/6/3
s 0
f 10/4/4 11/5/4 12/6/4
s 1
f 13/6/5 14/7/5 15/4/5
s 0
f 16/6/6 17/7/6 18/4/6
f 19/4/4 20/5/4 21/6/4
f 22/4/4 23/5/4 24/6/4
s 1
f 25/6/5 26/7/5 27/4/5
s 0
f 28/6/4 29/7/4 30/4/4
s 1
f 31/4/5 32/5/5 33/6/5
s 0
f 34/6/4 35/7/4 36/4/4
s 1
f 37/4/2 38/5/2 39/6/2
f 40/6/5 41/7/5 42/4/5
s 0
f 43/4/4 44/5/4 45/6/4
s 1
f 46/6/2 47/7/2 48/4/2
s 0
f 49/6/4 50/7/4 51/4/4
s 1
f 52/6/5 53/7/5 54/4/5
s 0
f 55/6/4 56/7/4 57/4/4
f 58/6/4 59/7/4 60/4/4
f 61/4/4 62/5/4 63/6/4
f 64/4/7 65/5/7 66/6/7
s 1
f 67/6/2 68/7/2 69/4/2
f 70/4/8 71/5/8 72/6/8
f 73/4/8 74/5/8 75/6/8
f 76/6/5 77/7/5 78/4/5
s 0
f 79/6/4 80/7/4 81/4/4
f 82/4/4 83/5/4 84/6/4
s 1
f 85/4/8 86/5/8 87/6/8
s 0
f 88/4/4 89/5/4 90/6/4
f 91/6/4 92/7/4 93/4/4
s 1
f 94/4/2 95/5/2 96/6/2
s 0
f 97/4/4 98/5/4 99/6/4
s 1
f 100/6/8 101/7/8 102/4/8
f 103/6/8 104/7/8 105/4/8
f 106/6/2 107/7/2 108/4/2
f 109/6/3 110/7/3 111/4/3
f 112/4/5 113/5/5 114/6/5
f 115/4/3 116/5/3 117/6/3
s 0
f 118/4/4 119/5/4 120/6/4
s 1
f 121/4/2 122/5/2 123/6/2
f 124/6/2 125/7/2 126/4/2
s 0
f 127/4/4 128/5/4 129/6/4
f 130/4/4 131/5/4 132/6/4
s 1
f 133/6/3 134/7/3 135/4/3
f 136/6/5 137/7/5 138/4/5
s 0
f 139/4/4 140/5/4 141/6/4
s 1
f 142/6/2 143/7/2 144/4/2
f 145/4/3 146/5/3 147/6/3
f 148/4/8 149/5/8 150/6/8
f 151/4/2 152/5/2 153/6/2
s 0
f 154/4/4 155/5/4 156/6/4
f 157/4/4 158/5/4 159/6/4
s 1
f 160/4/8 161/5/8 162/6/8
s 0
f 163/6/6 164/7/6 165/4/6
s 1
f 166/6/3 167/7/3 168/4/3
f 169/4/3 170/5/3 171/6/3
f 172/6/3 173/7/3 174/4/3
f 175/6/5 176/7/5 177/4/5
s 0
f 178/6/4 179/7/4 180/4/4
s 1
f 181/6/2 182/7/2 183/4/2
f 184/4/3 185/5/3 186/6/3
f 187/6/2 188/7/2 189/4/2
s 0
f 190/6/4 191/7/4 192/4/4
s 1
f 193/6/3 194/7/3 195/4/3
s 0
f 196/4/4 197/5/4 198/6/4
s 1
f 199/4/3 200/5/3 201/6/3
s 0
f 202/6/4 203/7/4 204/4/4
f 205/4/4 206/5/4 207/6/4
s 1
f 208/4/2 209/5/2 210/6/2
s 0
f 211/6/4 212/7/4 213/4/4
s 1
f 214/4/2 215/5/2 216/6/2
f 217/6/3 218/7/3 219/4/3
s 0
f 220/4/4 221/5/4 222/6/4
s 1
f 223/6/5 224/7/5 225/4/5
f 226/4/8 227/5/8 228/6/8
f 229/4/8 230/5/8 231/6/8
s 0
f 232/4/4 233/5/4 234/6/4
s 1
f 235/6/3 236/7/3 237/4/3
s 0
f 238/6/4 239/7/4 240/4/4
s 1
f 241/4/5 242/5/5 243/6/5
f 244/4/3 245/5/3 246/6/3
s 0
f 247/6/4 248/7/4 249/4/4
s 1
f 250/6/2 251/7/2 252/4/2
f 253/4/3 254/5/3 255/6/3
f 256/6/3 257/7/3 258/4/3
f 259/4/2 260/5/2 261/6/2
f 262/4/5 263/5/5 264/6/5
s 0
f 265/6/4 266/7/4 267/4/4
f 268/6/4 269/7/4 270/4/4
f 271/4/4 272/5/4 273/6/4
s 1
f 274/6/5 275/7/5 276/4/5
f 277/6/2 278/7/2 279/4/2
f 280/4/3 281/5/3 282/6/3
s 0
f 283/4/4 284/5/4 285/6/4
s 1
f 286/4/3 287/5/3 288/6/3
f 289/6/3 290/7/3 291/4/3
f 292/4/5 293/5/5 294/6/5
s 0
f 295/6/4 296/7/4 297/4/4
s 1
f 298/6/3 299/7/3 300/4/3
s 0
f 301/4/4 302/5/4 303/6/4
s 1
f 304/6/8 305/7/8 306/4/8
s 0
f 307/4/4 308/5/4 309/6/4
s 1
f 310/6/5 311/7/5 312/4/5
f 313/6/8 314/7/8 315/4/8
s 0
f 316/4/4 317/5/4 318/6/4
s 1
f 319/6/2 320/7/2 321/4/2
s 0
f 322/4/4 323/5/4 324/6/4
s 1
f 325/4/5 326/5/5 327/6/5
f 328/6/3 329/7/3 330/4/3
f 331/4/3 332/5/3 333/6/3
f 334/6/3 335/7/3 336/4/3
f 337/6/2 338/7/2 339/4/2
f 340/6/5 341/7/5 342/4/5
s 0
f 343/4/4 344/5/4 345/6/4
f 346/6/4 347/7/4 348/4/4
s 1
f 349/4/3 350/5/3 351/6/3
f 352/6/2 353/7/2 354/4/2
s 0
f 355/6/4 356/7/4 357/4/4
s 1
f 358/6/8 359/7/8 360/4/8
s 0
f 361/4/4 362/5/4 363/6/4
s 1
f 364/8/1 365/9/1 366/3/1
s 0
f 367/10/9 368/11/9 369/12/9
f 370/10/9 371/11/9 372/12/9
f 373/12/9 374/13/9 375/10/9
f 376/12/9 377/13/9 378/10/9
f 379/10/9 380/11/9 381/12/9
f 382/12/9 383/13/9 384/10/9
f 385/11/10 386/12/10 387/13/10
f 388/12/9 389/13/9 390/10/9
f 391/11/10 392/12/10 393/13/10
f 394/10/9 395/11/9 396/12/9
f 397/12/9 398/13/9 399/10/9
f 400/10/9 401/11/9 402/12/9
f 403/10/9 404/11/9 405/12/9
f 406/12/9 407/13/9 408/10/9
f 409/13/10 410/10/10 411/11/10
f 412/13/10 413/10/10 414/11/10
f 415/13/10 416/10/10 417/11/10
f 399/10/9 418/11/9 397/12/9
f 419/10/9 420/11/9 421/12/9
f 422/11/10 423/12/10 424/13/10
f 425/13/10 426/10/10 427/11/10
f 428/11/10 429/12/10 430/13/10
f 431/13/10 432/10/10 433/11/10
f 434/13/10 435/10/10 436/11/10
f 437/13/10 438/10/10 439/11/10
f 440/11/10 441/12/10 442/13/10
f 443/13/10 444/10/10 445/11/10
f 446/13/10 447/10/10 448/11/10
f 448/11/10 449/12/10 446/13/10
f 369/12/9 450/13/9 367/10/9
f 451/10/9 452/11/9 453/12/9
f 402/12/9 454/13/9 400/10/9
f 381/12/9 455/13/9 379/10/9
f 456/13/10 457/10/10 458/11/10
f 436/11/10 459/12/10 434/13/10
f 384/10/9 460/11/9 382/12/9
f 461/11/10 462/12/10 463/13/10
f 445/11/10 464/12/10 443/13/10
f 465/12/9 466/13/9 467/10/9
f 468/11/10 469/12/10 470/13/10
f 471/14/11 472/15/11 473/16/11
f 474/17/12 475/16/12 476/15/12
f 477/17/12 478/16/12 479/15/12
f 480/16/11 481/18/11 482/14/11
f 483/15/12 484/19/12 485/17/12
f 486/15/12 487/19/12 488/17/12
f 489/15/12 490/19/12 491/17/12
f 492/14/11 493/15/11 494/16/11
f 495/17/12 496/16/12 497/15/12
f 498/16/11 499/18/11 500/14/11
f 501/15/12 502/19/12 503/17/12
s 1
f 504/15/13 505/19/13 506/17/13
s 0
f 507/17/12 508/16/12 509/15/12
s 1
f 510/17/12 511/16/12 512/15/12
s 0
f 513/17/12 514/16/12 515/15/12
f 516/15/12 517/19/12 518/17/12
f 519/14/11 520/15/11 521/16/11
f 522/17/12 523/16/12 524/15/12
f 525/14/14 526/15/14 527/16/14
f 528/16/14 529/18/14 530/14/11
f 531/15/12 532/19/12 533/17/12
f 534/16/11 535/18/11 536/14/11
f 537/17/12 538/16/12 539/15/12
f 540/16/11 541/18/11 542/14/11
f 543/14/11 544/15/11 545/16/11
f 546/14/11 547/15/11 548/16/11
f 549/16/11 550/18/11 551/14/11
f 552/16/11 553/18/11 554/14/11
f 555/17/12 556/16/12 557/15/12
f 558/16/11 559/18/11 560/14/11
f 561/14/11 562/15/11 563/16/11
f 564/15/12 565/19/12 566/17/12
f 567/15/15 568/19/15 569/17/15
f 570/14/11 571/15/11 572/16/11
f 573/17/12 574/16/12 575/15/12
f 576/14/11 577/15/11 578/16/11
f 579/16/16 580/18/16 581/14/14
f 582/16/11 583/18/11 584/14/11
f 585/14/11 586/15/11 587/16/11
s 1
f 588/15/12 589/19/12 590/17/12
f 591/20/17 592/21/17 593/22/17
f 594/20/18 595/21/18 596/22/18
f 597/22/1 598/23/1 599/20/1
f 600/22/19 601/23/19 602/20/19
f 603/22/20 604/23/20 605/20/20
f 606/22/1 607/23/1 608/20/1
f 609/20/21 610/21/21 611/22/21
f 612/20/20 613/21/20 614/22/20
f 615/9/1 616/24/1 617/3/1
f 618/24/1 619/1/1 620/3/1
s 0
f 621/25/22 622/26/22 623/27/22
f 624/27/22 625/28/22 626/25/22
f 627/27/23 628/28/23 629/25/23
f 630/25/22 631/26/22 632/27/22
f 633/25/23 634/26/23 635/27/23
f 636/25/23 637/26/23 638/27/23
f 639/25/22 640/26/22 641/27/22
f 642/25/23 643/26/23 644/27/23
f 645/25/23 646/26/23 647/27/23
f 648/27/23 649/28/23 650/25/23
f 651/27/23 652/28/23 653/25/23
f 654/25/22 655/26/22 656/27/22
f 657/27/23 658/28/23 659/25/23
f 660/25/23 661/26/23 662/27/23
f 663/25/23 664/26/23 665/27/23
f 666/27/23 667/28/23 668/25/23
f 669/25/23 670/26/23 671/27/23
f 672/27/22 673/28/22 674/25/22
f 675/27/22 676/28/22 677/25/22
f 678/27/22 679/28/22 680/25/22
f 681/25/22 682/26/22 683/27/22
f 684/25/22 685/26/22 686/27/22
f 687/25/22 688/26/22 689/27/22
f 690/27/22 691/28/22 692/25/22
f 693/25/22 694/26/22 695/27/22
f 696/27/23 697/28/23 698/25/23
f 699/27/23 700/28/23 701/25/23
f 702/27/22 703/28/22 704/25/22
f 635/27/23 705/28/23 633/25/23
f 706/25/23 707/26/23 708/27/23
f 709/27/22 710/28/22 711/25/22
f 712/25/22 713/26/22 714/27/22
f 715/25/22 716/26/22 717/27/22
f 718/27/23 719/28/23 720/25/23
f 721/27/22 722/28/22 723/25/22
f 724/25/23 725/26/23 726/27/23
f 727/27/22 728/28/22 729/25/22
f 730/25/23 731/26/23 732/27/23
f 733/27/23 734/28/23 735/25/23
f 686/27/22 736/28/22 684/25/22
f 737/17/24 738/16/24 739/15/24
f 740/16/25 741/18/25 742/14/25
f 743/17/24 744/16/24 745/15/24
f 746/16/25 747/18/25 748/14/25
f 749/15/24 750/19/24 751/17/24
f 752/17/24 753/16/24 754/15/24
f 755/16/25 756/18/25 757/14/25
f 758/17/24 759/16/24 760/15/24
f 761/16/25 762/18/25 763/14/25
f 760/15/24 764/19/24 758/17/24
f 765/14/25 766/15/25 767/16/25
f 768/14/25 769/15/25 770/16/25
f 754/15/24 771/19/24 752/17/24
f 772/17/24 773/16/24 774/15/24
f 775/16/25 776/18/25 777/14/25
f 778/17/24 779/16/24 780/15/24
f 781/14/25 782/15/25 783/16/25
f 784/15/24 785/19/24 786/17/24
f 787/16/25 788/18/25 789/14/25
f 790/15/24 791/19/24 792/17/24
f 793/15/24 794/19/24 795/17/24
f 796/14/25 797/15/25 798/16/25
f 799/17/24 800/16/24 801/15/24
f 802/16/25 803/18/25 804/14/25
f 805/17/24 806/16/24 807/15/24
f 808/16/25 809/18/25 810/14/25
f 811/14/25 812/15/25 813/16/25
f 814/17/24 815/16/24 816/15/24
f 817/15/24 818/19/24 819/17/24
f 820/14/25 821/15/25 822/16/25
f 823/14/25 824/15/25 825/16/25
f 826/15/24 827/19/24 828/17/24
f 829/15/24 830/19/24 831/17/24
f 832/17/24 833/16/24 834/15/24
f 835/16/25 836/18/25 837/14/25
f 838/14/25 839/15/25 840/16/25
s 1
f 841/14/25 842/15/25 843/16/25
s 0
f 844/16/25 845/18/25 846/14/25
f 847/14/25 848/15/25 849/16/25
f 801/15/24 850/19/24 799/17/24
s 1
f 851/1/17 852/24/17 853/29/17
f 854/24/26 855/1/26 856/29/26
s 0
f 857/16/27 858/18/27 859/14/27
f 860/14/27 861/15/27 862/16/27
f 863/16/27 864/18/27 865/14/27
f 866/15/28 867/19/28 868/17/28
f 869/15/28 870/19/28 871/17/28
f 872/16/27 873/18/27 874/14/27
f 875/14/27 876/15/27 877/16/27
f 878/16/27 879/18/27 880/14/27
f 881/15/28 882/19/28 883/17/28
f 884/16/27 885/18/27 886/14/27
f 887/17/28 888/16/28 889/15/28
f 890/16/27 891/18/27 892/14/27
f 893/14/27 894/15/27 895/16/27
f 896/17/28 897/16/28 898/15/28
f 899/17/28 900/16/28 901/15/28
f 902/15/28 903/19/28 904/17/28
f 905/14/27 906/15/27 907/16/27
f 908/15/28 909/19/28 910/17/28
f 911/15/28 912/19/28 913/17/28
f 914/15/28 915/19/28 916/17/28
f 917/16/27 918/18/27 919/14/27
f 920/14/27 921/15/27 922/16/27
f 923/14/27 924/15/27 925/16/27
f 926/16/27 927/18/27 928/14/27
f 929/14/27 930/15/27 931/16/27
f 932/17/28 933/16/28 934/15/28
f 935/15/28 936/19/28 937/17/28
f 938/15/28 939/19/28 940/17/28
f 941/17/28 942/16/28 943/15/28
f 886/14/27 944/15/27 884/16/27
f 945/17/28 946/16/28 947/15/28
f 948/17/28 949/16/28 950/15/28
f 951/15/28 952/19/28 953/17/28
f 913/17/28 954/16/28 911/15/28
f 955/17/28 956/16/28 957/15/28
f 958/16/27 959/18/27 960/14/27
f 961/14/27 962/15/27 963/16/27
f 964/14/27 965/15/27 966/16/27
f 967/16/27 968/18/27 969/14/27
f 970/17/28 971/16/28 972/15/28
f 973/25/29 974/26/29 975/27/29
f 976/27/30 977/28/30 978/25/30
f 979/27/29 980/28/29 981/25/29
f 982/25/30 983/26/30 984/27/30
f 985/25/30 986/26/30 987/27/30
f 988/25/30 989/26/30 990/27/30
f 991/27/29 992/28/29 993/25/29
f 994/25/29 995/26/29 996/27/29
f 997/27/30 998/28/30 999/25/30
f 1000/25/30 1001/26/30 1002/27/30
f 1003/25/29 1004/26/29 1005/27/29
f 1006/25/30 1007/26/30 1008/27/30
f 1009/25/29 1010/26/29 1011/27/29
f 1012/25/29 1013/26/29 1014/27/29
f 1015/27/30 1016/28/30 1017/25/30
f 1018/27/29 1019/28/29 1020/25/29
f 1021/27/30 1022/28/30 1023/25/30
f 1024/27/29 1025/28/29 1026/25/29
f 1023/25/30 1027/26/30 1021/27/30
f 1028/25/29 1029/26/29 1030/27/29
f 1031/27/29 1032/28/29 1033/25/29
f 1034/25/30 1035/26/30 1036/27/30
f 1037/27/30 1038/28/30 1039/25/30
f 1040/27/29 1041/28/29 1042/25/29
f 1014/27/29 1043/28/29 1012/25/29
f 1044/27/30 1045/28/30 1046/25/30
f 1047/27/30 1048/28/30 1049/25/30
f 1050/25/30 1051/26/30 1052/27/30
f 1053/27/29 1054/28/29 1055/25/29
f 1056/27/29 1057/28/29 1058/25/29
f 1059/25/29 1060/26/29 1061/27/29
f 1062/27/29 1063/28/29 1064/25/29
f 1065/27/30 1066/28/30 1067/25/30
f 1068/25/29 1069/26/29 1070/27/29
f 1002/27/30 1071/28/30 1000/25/30
f 1072/25/30 1073/26/30 1074/27/30
f 987/27/30 1075/28/30 985/25/30
f 1033/25/29 1076/26/29 1031/27/29
f 1042/25/29 1077/26/29 1040/27/29
f 1078/25/30 1079/26/30 1080/27/30
s 1
f 1081/9/26 1082/24/26 1083/29/26
f 1084/24/26 1085/9/26 1086/29/26
s 0
f 1087/16/31 1088/18/31 1089/14/31
f 1090/14/31 1091/15/31 1092/16/31
f 1093/16/31 1094/18/31 1095/14/31
f 1096/16/31 1097/18/31 1098/14/31
f 1099/17/32 1100/16/32 1101/15/32
f 1102/14/31 1103/15/31 1104/16/31
f 1105/17/32 1106/16/32 1107/15/32
f 1108/15/32 1109/19/32 1110/17/32
f 1111/17/32 1112/16/32 1113/15/32
f 1114/15/32 1115/19/32 1116/17/32
f 1117/14/31 1118/15/31 1119/16/31
f 1120/16/31 1121/18/31 1122/14/31
f 1123/14/31 1124/15/31 1125/16/31
f 1126/17/32 1127/16/32 1128/15/32
f 1129/17/32 1130/16/32 1131/15/32
f 1132/17/32 1133/16/32 1134/15/32
f 1135/15/32 1136/19/32 1137/17/32
f 1138/14/31 1139/15/31 1140/16/31
f 1141/14/31 1142/15/31 1143/16/31
f 1144/17/32 1145/16/32 1146/15/32
f 1147/15/32 1148/19/32 1149/17/32
f 1150/14/31 1151/15/31 1152/16/31
f 1153/15/32 1154/19/32 1155/17/32
f 1156/14/31 1157/15/31 1158/16/31
f 1159/16/31 1160/18/31 1161/14/31
f 1162/16/31 1163/18/31 1164/14/31
f 1165/16/31 1166/18/31 1167/14/31
f 1168/17/32 1169/16/32 1170/15/32
f 1171/15/32 1172/19/32 1173/17/32
f 1174/15/32 1175/19/32 1176/17/32
f 1177/16/31 1178/18/31 1179/14/31
f 1180/17/32 1181/16/32 1182/15/32
f 1183/14/31 1184/15/31 1185/16/31
f 1186/14/31 1187/15/31 1188/16/31
f 1189/16/31 1190/18/31 1191/14/31
f 1192/15/32 1193/19/32 1194/17/32
f 1195/15/32 1196/19/32 1197/17/32
f 1198/17/32 1199/16/32 1200/15/32
f 1201/16/31 1202/18/31 1203/14/31
f 1204/15/32 1205/19/32 1206/17/32
f 1207/16/33 1208/18/33 1209/14/33
f 1210/15/34 1211/19/34 1212/17/34
f 1213/16/33 1214/18/33 1215/14/33
f 1216/17/34 1217/16/34 1218/15/34
f 1219/14/33 1220/15/33 1221/16/33
f 1222/17/34 1223/16/34 1224/15/34
f 1225/14/33 1226/15/33 1227/16/33
f 1228/15/34 1229/19/34 1230/17/34
f 1231/14/33 1232/15/33 1233/16/33
f 1234/15/34 1235/19/34 1236/17/34
f 1237/16/33 1238/18/33 1239/14/33
f 1240/17/34 1241/16/34 1242/15/34
f 1243/14/33 1244/15/33 1245/16/33
f 1246/17/34 1247/16/34 1248/15/34
f 1249/15/34 1250/19/34 1251/17/34
f 1252/14/33 1253/15/33 1254/16/33
f 1255/17/34 1256/16/34 1257/15/34
f 1258/15/34 1259/19/34 1260/17/34
f 1261/17/34 1262/16/34 1263/15/34
f 1264/16/33 1265/18/33 1266/14/33
f 1267/16/33 1268/18/33 1269/14/33
f 1270/15/34 1271/19/34 1272/17/34
f 1273/14/33 1274/15/33 1275/16/33
f 1276/17/34 1277/16/34 1278/15/34
f 1279/16/33 1280/18/33 1281/14/33
s 1
f 1282/17/34 1283/16/34 1284/15/34
s 0
f 1285/15/34 1286/19/34 1287/17/34
f 1288/14/33 1289/15/33 1290/16/33
f 1291/16/33 1292/18/33 1293/14/33
f 1294/16/33 1295/18/33 1296/14/33
f 1297/14/33 1298/15/33 1299/16/33
f 1300/17/34 1301/16/34 1302/15/34
f 1303/17/34 1304/16/34 1305/15/34
f 1306/14/33 1307/15/33 1308/16/33
f 1309/15/34 1310/19/34 1311/17/34
f 1312/16/33 1313/18/33 1314/14/33
f 1315/14/33 1316/15/33 1317/16/33
f 1318/15/34 1319/19/34 1320/17/34
f 1321/15/34 1322/19/34 1323/17/34
f 1324/16/33 1325/18/33 1326/14/33
s 1
f 1327/30/20 1328/31/20 1329/32/20
f 1330/30/1 1331/31/1 1332/32/1
f 1333/30/20 1334/31/20 1335/32/20
f 1336/32/18 1337/33/18 1338/30/18
f 1339/32/19 1340/33/19 1341/30/19
f 1342/30/20 1343/31/20 1344/32/20
f 1345/32/1 1346/33/1 1347/30/1
f 1348/30/1 1349/31/1 1350/32/1
f 1351/32/26 1352/33/26 1353/30/26
f 1354/30/20 1355/31/20 1356/32/20
f 1357/32/26 1358/33/26 1359/30/26
f 1360/30/1 1361/31/1 1362/32/1
f 1363/30/1 1364/31/1 1365/32/1
f 1366/32/26 1367/33/26 1368/30/26
f 1369/32/1 1370/33/1 1371/30/1
f 1372/32/18 1373/33/18 1374/30/18
f 1375/32/26 1376/33/26 1377/30/26
f 1378/32/26 1379/33/26 1380/30/26
f 1381/32/26 1382/33/26 1383/30/26
f 1384/32/26 1385/33/26 1386/30/26
f 1387/30/1 1388/31/1 1389/32/1
f 1390/32/19 1391/33/19 1392/30/19
f 1393/32/1 1394/33/1 1395/30/1
f 1396/30/19 1397/31/19 1398/32/19
f 1399/30/26 1400/31/26 1401/32/26
f 1402/32/1 1403/33/1 1404/30/1
f 1405/32/1 1406/33/1 1407/30/1
f 1408/30/26 1409/31/26 1410/32/26
f 1411/32/26 1412/33/26 1413/30/26
f 1414/30/1 1415/31/1 1416/32/1
f 1417/32/26 1418/33/26 1419/30/26
f 1420/32/1 1421/33/1 1422/30/1
f 1423/32/1 1424/33/1 1425/30/1
f 1426/30/1 1427/31/1 1428/32/1
f 1429/32/26 1430/33/26 1431/30/26
f 1432/30/1 1433/31/1 1434/32/1
f 1435/32/1 1436/33/1 1437/30/1
f 1438/30/1 1439/31/1 1440/32/1
f 1441/30/19 1442/31/19 1443/32/19
f 1444/30/1 1445/31/1 1446/32/1
f 1447/32/1 1448/33/1 1449/30/1
f 1450/30/26 1451/31/26 1452/32/26
f 1453/30/26 1454/31/26 1455/32/26
f 1456/30/26 1457/31/26 1458/32/26
f 1459/32/1 1460/33/1 1461/30/1
f 1462/30/1 1463/31/1 1464/32/1
f 1465/30/19 1466/31/19 1467/32/19
f 1468/30/18 1469/31/18 1470/32/18
f 1471/34/20 1472/35/20 1473/36/20
f 1474/34/1 1475/35/1 1476/36/1
f 1477/36/20 1478/37/20 1479/34/20
f 1480/36/1 1481/37/1 1482/34/1
f 1483/9/26 1484/38/26 1485/29/26
f 1486/38/26 1487/9/26 1488/29/26
f 1489/1/1 1490/39/1 1491/2/1
f 1492/1/21 1493/40/21 1494/39/21
f 1495/8/20 1496/2/20 1497/41/20
f 1498/42/26 1499/43/26 1500/2/26
s 0
f 1501/44/4 1502/45/4 1503/46/4
f 1503/46/4 1504/47/4 1501/44/4
f 1505/48/4 1506/49/4 1507/50/4
s 1
f 1508/48/3 1509/49/3 1510/50/3
s 0
f 1511/48/6 1512/49/6 1513/50/6
f 1514/50/4 1515/51/4 1516/48/4
f 1517/50/35 1518/51/35 1519/48/35
f 1520/50/4 1521/51/4 1522/48/4
f 1523/50/36 1524/51/36 1525/48/36
f 1526/50/35 1527/51/35 1528/48/35
s 1
f 1529/50/5 1530/51/5 1531/48/5
s 0
f 1532/50/36 1533/51/36 1534/48/36
f 1535/48/4 1536/49/4 1537/50/4
f 1538/50/6 1539/51/6 1540/48/6
f 1541/48/4 1542/49/4 1543/50/4
f 1544/48/36 1545/49/36 1546/50/36
s 1
f 1547/50/3 1548/51/3 1549/48/3
s 0
f 1550/48/4 1551/49/4 1552/50/4
f 1553/50/35 1554/51/35 1555/48/35
f 1556/48/4 1557/49/4 1558/50/4
f 1559/50/7 1560/51/7 1561/48/7
f 1562/48/4 1563/49/4 1564/50/4
f 1565/48/4 1566/49/4 1567/50/4
f 1568/50/7 1569/51/7 1570/48/7
s 1
f 1571/50/2 1572/51/2 1573/48/2
f 1574/48/3 1575/49/3 1576/50/3
s 0
f 1577/50/7 1578/51/7 1579/48/7
f 1580/50/4 1581/51/4 1582/48/4
f 1583/50/7 1584/51/7 1585/48/7
f 1586/48/4 1587/49/4 1588/50/4
f 1589/48/35 1590/49/35 1591/50/35
f 1592/48/7 1593/49/7 1594/50/7
f 1595/50/35 1596/51/35 1597/48/35
f 1598/48/35 1599/49/35 1600/50/35
s 1
f 1601/48/2 1602/49/2 1603/50/2
s 0
f 1604/48/4 1605/49/4 1606/50/4
f 1607/50/6 1608/51/6 1609/48/6
f 1610/48/7 1611/49/7 1612/50/7
f 1613/52/37 1614/53/37 1615/54/37
f 1616/55/38 1617/54/38 1618/53/38
f 1615/54/37 1619/55/37 1613/52/37
f 1620/53/38 1621/52/38 1622/55/38
f 1623/54/37 1624/55/37 1625/52/37
f 1626/52/37 1627/53/37 1628/54/37
f 1629/55/38 1630/54/38 1631/53/38
f 1632/52/37 1633/53/37 1634/54/37
f 1635/53/38 1636/52/38 1637/55/38
f 1638/53/38 1639/52/38 1640/55/38
f 1641/54/37 1642/55/37 1643/52/37
f 1644/55/38 1645/54/38 1646/53/38
s 1
f 1647/56/16 1648/57/16 1649/58/16
s 0
f 1650/58/16 1651/59/16 1652/56/16
f 1653/56/16 1654/57/16 1655/58/16
s 1
f 1656/58/16 1657/59/16 1658/56/16
s 0
f 1659/56/39 1660/57/39 1661/58/39
f 1662/58/40 1663/59/40 1664/56/40
f 1665/58/16 1666/59/16 1667/56/16
f 1668/56/40 1669/57/40 1670/58/40
f 1671/58/40 1672/59/40 1673/56/40
f 1674/56/16 1675/57/16 1676/58/16
f 1677/56/39 1678/57/39 1679/58/39
f 1680/58/39 1681/59/39 1682/56/39
f 1683/58/22 1684/59/22 1685/56/22
f 1686/58/23 1687/59/23 1688/56/23
f 1689/56/23 1690/57/23 1691/58/23
f 1692/56/22 1693/57/22 1694/58/22
f 1695/56/23 1696/57/23 1697/58/23
s 1
f 1698/58/41 1699/59/41 1700/56/41
s 0
f 1701/56/22 1702/57/22 1703/58/22
f 1704/58/23 1705/59/23 1706/56/23
f 1707/56/22 1708/57/22 1709/58/22
f 1710/58/23 1711/59/23 1712/56/23
f 1713/58/22 1714/59/22 1715/56/22
f 1716/56/23 1717/57/23 1718/58/23
f 1719/60/42 1720/61/42 1721/62/42
s 1
f 1722/60/43 1723/61/43 1724/62/43
f 1725/60/44 1726/61/44 1727/62/44
f 1728/62/45 1729/63/45 1730/60/46
f 1731/62/47 1732/63/47 1733/60/47
f 1734/60/48 1735/61/48 1736/62/48
s 0
f 1737/62/49 1738/63/49 1739/60/49
f 1740/62/50 1741/63/50 1742/60/50
s 1
f 1743/60/51 1744/61/51 1745/62/51
s 0
f 1746/62/52 1747/63/52 1748/60/53
s 1
f 1749/62/45 1750/63/45 1751/60/45
f 1752/62/54 1753/63/54 1754/60/55
f 1755/62/56 1756/63/56 1757/60/56
s 0
f 1758/60/50 1759/61/50 1760/62/50
s 1
f 1761/62/57 1762/63/57 1763/60/57
f 1764/62/48 1765/63/48 1766/60/48
f 1767/62/58 1768/63/58 1769/60/58
f 1770/60/59 1771/61/59 1772/62/59
f 1773/60/60 1774/61/60 1775/62/60
s 0
f 1776/60/61 1777/61/61 1778/62/61
s 1
f 1779/60/62 1780/61/62 1781/62/53
f 1782/62/43 1783/63/43 1784/60/43
s 0
f 1785/60/63 1786/61/63 1787/62/63
f 1788/60/64 1789/61/64 1790/62/64
f 1791/62/64 1792/63/64 1793/60/64
s 1
f 1794/62/44 1795/63/44 1796/60/44
s 0
f 1797/62/63 1798/63/63 1799/60/63
s 1
f 1800/60/65 1801/61/65 1802/62/66
f 1803/62/67 1804/63/67 1805/60/68
f 1806/62/69 1807/63/69 1808/60/69
f 1809/62/44 1810/63/44 1811/60/44
f 1812/62/65 1813/63/65 1814/60/65
s 0
f 1815/60/70 1816/61/70 1817/62/71
s 1
f 1818/60/72 1819/61/72 1820/62/72
s 0
f 1821/62/63 1822/63/63 1823/60/63
f 1824/60/73 1825/61/73 1826/62/73
s 1
f 1827/60/55 1828/61/55 1829/62/74
f 1830/60/44 1831/61/44 1832/62/44
s 0
f 1833/60/50 1834/61/50 1835/62/50
s 1
f 1836/60/46 1837/61/46 1838/62/46
s 0
f 1839/62/50 1840/63/50 1841/60/50
f 1842/62/75 1843/63/75 1844/60/75
f 1739/60/49 1845/61/49 1737/62/49
f 1846/62/76 1847/63/76 1848/60/76
f 1844/60/75 1849/61/75 1842/62/75
f 1850/60/63 1851/61/63 1852/62/63
f 1853/62/73 1854/63/73 1855/60/73
s 1
f 1856/60/48 1857/61/48 1858/62/48
s 0
f 1859/46/77 1860/47/77 1861/44/77
f 1862/44/4 1863/45/4 1864/46/4
f 1865/44/4 1866/45/4 1867/46/4
f 1864/46/4 1868/47/4 1862/44/4
f 1867/46/4 1869/47/4 1865/44/4
f 1870/44/4 1871/45/4 1872/46/4
f 1873/46/4 1874/47/4 1875/44/4
f 1876/44/77 1877/45/77 1878/46/77
f 1879/58/24 1880/59/24 1881/56/24
f 1882/56/78 1883/57/78 1884/58/78
f 1885/58/25 1886/59/25 1887/56/25
f 1888/56/25 1889/57/25 1890/58/25
f 1891/56/24 1892/57/24 1893/58/24
f 1894/58/24 1895/59/24 1896/56/24
f 1897/56/25 1898/57/25 1899/58/25
f 1900/56/79 1901/57/79 1902/58/79
f 1903/58/25 1904/59/25 1905/56/25
f 1906/58/78 1907/59/78 1908/56/78
f 1909/56/24 1910/57/24 1911/58/24
f 1912/58/79 1913/59/79 1914/56/79
f 1915/46/4 1916/47/4 1917/44/4
f 1918/44/4 1919/45/4 1920/46/4
f 1921/46/4 1922/47/4 1923/44/4
f 1924/44/4 1925/45/4 1926/46/4
f 1927/58/28 1928/59/28 1929/56/28
f 1930/56/27 1931/57/27 1932/58/27
f 1933/56/28 1934/57/28 1935/58/28
f 1936/58/28 1937/59/28 1938/56/28
f 1939/56/27 1940/57/27 1941/58/27
f 1942/58/27 1943/59/27 1944/56/27
f 1938/56/28 1945/57/28 1936/58/28
f 1946/58/28 1947/59/28 1948/56/28
f 1949/58/27 1950/59/27 1951/56/27
f 1952/58/27 1953/59/27 1954/56/27
f 1929/56/28 1955/57/28 1927/58/28
f 1951/56/27 1956/57/27 1949/58/27
f 1957/56/30 1958/57/30 1959/58/30
f 1960/58/29 1961/59/29 1962/56/29
f 1963/58/29 1964/59/29 1965/56/29
f 1966/56/29 1967/57/29 1968/58/29
f 1969/58/30 1970/59/30 1971/56/30
f 1972/56/30 1973/57/30 1974/58/30
f 1975/56/29 1976/57/29 1977/58/29
f 1978/56/29 1979/57/29 1980/58/29
f 1981/58/29 1982/59/29 1983/56/29
f 1984/58/30 1985/59/30 1986/56/30
f 1987/58/30 1988/59/30 1989/56/30
f 1990/56/30 1991/57/30 1992/58/30
f 1993/58/32 1994/59/32 1995/56/32
f 1996/56/32 1997/57/32 1998/58/32
f 1999/56/32 2000/57/32 2001/58/32
f 2002/58/31 2003/59/31 2004/56/31
f 2005/58/32 2006/59/32 2007/56/32
f 2008/56/31 2009/57/31 2010/58/31
f 2011/58/31 2012/59/31 2013/56/31
f 2014/56/32 2015/57/32 2016/58/32
f 2017/58/31 2018/59/31 2019/56/31
f 2020/58/32 2021/59/32 2022/56/32
f 2023/56/31 2024/57/31 2025/58/31
f 2026/56/31 2027/57/31 2028/58/31
f 2029/64/4 2030/65/4 2031/66/4
f 2032/66/4 2033/67/4 2034/64/4
f 2035/64/4 2036/65/4 2037/66/4
f 2038/64/4 2039/65/4 2040/66/4
f 2041/64/4 2042/65/4 2043/66/4
f 2044/66/4 2045/67/4 2046/64/4
f 2047/66/4 2048/67/4 2049/64/4
f 2050/64/4 2051/65/4 2052/66/4
f 2052/66/4 2053/67/4 2050/64/4
f 2054/64/77 2055/65/77 2056/66/77
f 2056/66/77 2057/67/77 2054/64/77
f 2031/66/4 2058/67/4 2029/64/4
f 2059/64/4 2060/65/4 2061/66/4
f 2043/66/4 2062/67/4 2041/64/4
f 2063/56/34 2064/57/34 2065/58/34
f 2066/58/33 2067/59/33 2068/56/33
f 2065/58/34 2069/59/34 2063/56/34
f 2070/56/34 2071/57/34 2072/58/34
f 2073/56/33 2074/57/33 2075/58/33
f 2076/56/34 2077/57/34 2078/58/34
f 2079/56/33 2080/57/33 2081/58/33
f 2082/58/33 2083/59/33 2084/56/33
f 2085/58/34 2086/59/34 2087/56/34
f 2088/58/33 2089/59/33 2090/56/33
f 2090/56/33 2091/57/33 2088/58/33
f 2092/58/34 2093/59/34 2094/56/34
s 1
f 2095/8/26 2096/42/26 2097/2/26
f 2098/38/26 2099/42/26 2100/41/26
f 2101/42/26 2102/38/26 2103/43/26
s 0
f 2104/68/80 2105/69/80 2106/70/80
f 2107/70/81 2108/71/81 2109/68/81
f 2109/68/81 2110/69/81 2107/70/81
f 2106/70/80 2111/71/80 2104/68/80
s 1
f 2112/72/51 2113/73/51 2114/74/51
f 2115/74/82 2116/75/82 2117/72/82
f 2118/72/82 2119/73/82 2120/74/82
f 2121/74/83 2122/75/83 2123/72/83
s 0
f 2124/72/81 2125/73/81 2126/74/81
s 1
f 2127/72/69 2128/73/69 2129/74/69
f 2130/74/84 2131/75/84 2132/72/85
f 2133/72/86 2134/73/86 2135/74/84
s 0
f 2136/72/87 2137/73/87 2138/74/88
f 2139/74/87 2140/75/87 2141/72/88
f 2142/72/89 2143/73/89 2144/74/89
f 2126/74/81 2145/75/81 2124/72/81
f 2146/74/80 2147/75/80 2148/72/80
f 2148/72/80 2149/73/80 2146/74/80
s 1
f 2150/74/51 2151/75/51 2152/72/51
f 2153/74/90 2154/75/90 2155/72/69
f 2156/72/82 2157/73/82 2158/74/83
f 2159/72/69 2160/73/69 2161/74/69
s 0
f 2162/74/89 2163/75/89 2164/72/89
f 2165/74/91 2166/75/91 2167/72/91
s 1
f 2168/74/92 2169/75/92 2170/72/92
s 0
f 2171/72/91 2172/73/91 2173/74/91
s 1
f 2174/72/44 2175/73/44 2176/74/44
f 2177/74/93 2178/75/93 2179/72/94
f 2180/38/26 2181/29/26 2182/43/26
f 2183/38/20 2184/41/20 2185/29/20
f 2186/72/95 2187/73/95 2188/74/95
s 0
f 2189/74/64 2190/75/64 2191/72/64
s 1
f 2192/74/95 2193/75/95 2194/72/95
s 0
f 2195/72/96 2196/73/96 2197/74/96
f 2198/76/4 2199/77/4 2200/78/4
f 2201/78/4 2202/79/4 2203/76/4
f 2204/78/4 2205/79/4 2206/76/4
f 2203/76/4 2207/77/4 2201/78/4
f 2208/78/4 2209/79/4 2210/76/4
f 2206/76/4 2211/77/4 2204/78/4
f 2212/78/4 2213/79/4 2214/76/4
f 2215/76/4 2216/77/4 2217/78/4
f 2217/78/4 2218/79/4 2215/76/4
f 2219/76/4 2220/77/4 2221/78/4
f 2222/78/4 2223/79/4 2224/76/4
f 2224/76/4 2225/77/4 2222/78/4
f 2226/78/4 2227/79/4 2228/76/4
f 2221/78/4 2229/79/4 2219/76/4
f 2230/76/4 2231/77/4 2232/78/4
f 2200/78/4 2233/79/4 2198/76/4
f 2232/78/4 2234/79/4 2230/76/4
f 2214/76/4 2235/77/4 2212/78/4
f 2210/76/4 2236/77/4 2208/78/4
f 2228/76/4 2237/77/4 2226/78/4
s 1
f 2238/74/20 2239/75/20 2240/72/20
f 2241/72/20 2242/73/20 2243/74/20
f 2244/72/46 2245/73/46 2246/74/46
f 2247/72/1 2248/73/1 2249/74/1
f 2250/74/97 2251/75/97 2252/72/97
f 2253/74/98 2254/75/98 2255/72/98
f 2256/74/99 2257/75/99 2258/72/99
f 2259/72/100 2260/73/100 2261/74/100
f 2262/72/97 2263/73/97 2264/74/101
f 2265/74/72 2266/75/72 2267/72/72
f 2268/72/102 2269/73/102 2270/74/102
f 2271/74/1 2272/75/1 2273/72/1
s 0
f 2274/74/49 2275/75/49 2276/72/49
f 2277/74/63 2278/75/63 2279/72/63
f 2280/72/63 2281/73/63 2282/74/63
f 2283/72/49 2284/73/49 2285/74/49
f 2286/72/103 2287/73/103 2288/74/103
f 2289/72/64 2290/73/64 2291/74/64
f 2292/74/103 2293/75/103 2294/72/103
f 2295/74/64 2296/75/64 2297/72/64
f 2298/80/4 2299/81/4 2300/82/4
f 2301/80/4 2302/81/4 2303/82/4
s 1
f 2304/80/104 2305/81/104 2306/82/104
s 0
f 2300/82/4 2307/83/4 2298/80/4
s 1
f 2308/82/105 2309/83/105 2310/80/106
f 2311/82/56 2312/83/56 2313/80/56
s 0
f 2314/80/107 2315/81/107 2316/82/107
s 1
f 2317/80/56 2318/81/56 2319/82/51
s 0
f 2320/82/4 2321/83/4 2322/80/4
f 2323/80/49 2324/81/49 2325/82/49
f 2326/82/107 2327/83/107 2328/80/107
f 2329/84/108 2330/85/108 2331/86/108
s 1
f 2332/82/109 2333/83/109 2334/80/109
s 0
f 2335/80/4 2336/81/4 2337/82/4
s 1
f 2338/84/83 2339/85/83 2340/86/83
s 0
f 2341/82/63 2342/83/63 2343/80/63
f 2344/82/77 2345/83/77 2346/80/77
f 2347/80/110 2348/81/110 2349/82/110
f 2325/82/49 2350/83/49 2323/80/49
s 1
f 2351/82/111 2352/83/111 2353/80/111
f 2354/80/112 2355/81/112 2356/82/112
s 0
f 2357/80/113 2358/81/113 2359/82/113
s 1
f 2360/82/104 2361/83/104 2362/80/104
f 2363/84/83 2364/85/83 2365/86/83
s 0
f 2331/86/108 2366/87/108 2329/84/108
f 2367/80/77 2368/81/77 2369/82/77
f 2370/82/4 2371/83/4 2372/80/4
f 2373/82/113 2374/83/113 2375/80/113
f 2376/80/114 2377/81/114 2378/82/114
f 2343/80/63 2379/81/63 2341/82/63
s 1
f 2380/86/115 2381/87/115 2382/84/116
f 2383/84/117 2384/85/117 2385/86/117
s 0
f 2386/80/49 2387/81/49 2388/82/49
f 2389/82/49 2390/83/49 2391/80/49
s 1
f 2392/82/56 2393/83/56 2394/80/51
f 2395/86/83 2396/87/83 2397/84/83
s 0
f 2398/80/118 2399/81/118 2400/82/118
f 2401/82/4 2402/83/4 2403/80/4
f 2403/80/4 2404/81/4 2401/82/4
s 1
f 2405/80/119 2406/81/119 2407/82/120
s 0
f 2408/80/77 2409/81/77 2410/82/77
s 1
f 2411/86/44 2412/87/44 2413/84/44
f 2414/82/119 2415/83/119 2416/80/120
s 0
f 2417/82/77 2418/83/77 2419/80/77
s 1
f 2420/88/21 2421/89/21 2422/90/21
f 2423/91/19 2424/92/19 2425/93/19
f 2426/93/21 2427/92/21 2428/91/21
f 2429/88/1 2430/89/1 2431/90/1
f 2432/90/26 2433/89/26 2434/88/26
f 2435/90/26 2436/89/26 2437/88/26
f 2438/91/19 2439/92/19 2440/93/19
f 2441/93/1 2442/92/1 2443/91/1
f 2444/94/4 2445/95/4 2446/96/4
f 2447/96/4 2448/97/4 2449/94/4
f 2450/94/4 2451/95/4 2452/96/4
f 2453/96/4 2454/97/4 2455/94/4
f 2456/96/4 2457/97/4 2458/94/4
f 2459/96/4 2460/97/4 2461/94/4
f 2462/94/4 2463/95/4 2464/96/4
f 2465/96/4 2466/97/4 2467/94/4
f 2468/94/4 2469/95/4 2470/96/4
f 2471/94/4 2472/95/4 2473/96/4
f 2474/96/4 2475/97/4 2476/94/4
f 2477/96/4 2478/97/4 2479/94/4
f 2480/96/4 2481/97/4 2482/94/4
f 2483/96/4 2484/97/4 2485/94/4
f 2486/94/4 2487/95/4 2488/96/4
f 2489/96/4 2490/97/4 2491/94/4
f 2492/94/4 2493/95/4 2494/96/4
f 2495/94/4 2496/95/4 2497/96/4
f 2498/94/4 2499/95/4 2500/96/4
f 2501/94/4 2502/95/4 2503/96/4
f 2504/96/4 2505/97/4 2506/94/4
f 2507/96/4 2508/97/4 2509/94/4
f 2510/96/4 2511/97/4 2512/94/4
f 2513/96/4 2514/97/4 2515/94/4
f 2516/94/4 2517/95/4 2518/96/4
f 2519/94/4 2520/95/4 2521/96/4
f 2522/94/4 2523/95/4 2524/96/4
f 2525/96/4 2526/97/4 2527/94/4
f 2528/96/4 2529/97/4 2530/94/4
f 2531/96/4 2532/97/4 2533/94/4
f 2534/94/4 2535/95/4 2536/96/4
f 2537/94/4 2538/95/4 2539/96/4
f 2540/94/4 2541/95/4 2542/96/4
f 2543/94/4 2544/95/4 2545/96/4
f 2546/96/4 2547/97/4 2548/94/4
f 2549/96/4 2550/97/4 2551/94/4
f 2552/94/4 2553/95/4 2554/96/4
f 2555/94/4 2556/95/4 2557/96/4
f 2558/94/4 2559/95/4 2560/96/4
f 2561/96/4 2562/97/4 2563/94/4
f 2564/91/20 2565/92/20 2566/93/20
f 2567/93/21 2568/92/21 2569/91/21
f 2570/91/20 2571/92/20 2572/93/20
f 2573/93/1 2574/92/1 2575/91/1
f 2576/91/20 2577/92/20 2578/93/20
f 2579/93/1 2580/92/1 2581/91/1
f 2582/91/20 2583/92/20 2584/93/20
f 2585/93/21 2586/92/21 2587/91/21
f 2588/93/21 2589/92/21 2590/91/21
f 2591/91/20 2592/92/20 2593/93/20
f 2594/93/1 2595/92/1 2596/91/1
f 2597/91/26 2598/92/26 2599/93/26
f 2600/91/26 2601/92/26 2602/93/26
f 2603/93/1 2604/92/1 2605/91/1
f 2606/91/20 2607/92/20 2608/93/20
f 2609/93/21 2610/92/21 2611/91/21
f 2612/98/20 2613/99/20 2614/100/20
f 2615/98/20 2616/99/20 2617/100/20
f 2618/100/21 2619/99/21 2620/98/21
f 2621/100/1 2622/99/1 2623/98/1
f 2624/88/20 2625/100/20 2626/99/20
f 2627/88/20 2628/100/20 2629/99/20
f 2630/99/21 2631/100/21 2632/88/21
f 2633/99/1 2634/100/1 2635/88/1
f 2636/98/1 2637/88/1 2638/100/1
f 2639/100/26 2640/88/26 2641/98/26
f 2642/100/26 2643/88/26 2644/98/26
f 2645/98/21 2646/88/21 2647/100/21
f 2648/99/20 2649/98/20 2650/88/20
f 2651/88/21 2652/98/21 2653/99/21
f 2654/88/1 2655/98/1 2656/99/1
f 2657/99/20 2658/98/20 2659/88/20
f 2660/91/20 2661/92/20 2662/93/20
f 2663/93/1 2664/92/1 2665/91/1
f 2666/91/20 2667/92/20 2668/93/20
f 2669/91/20 2670/92/20 2671/93/20
f 2672/93/21 2673/92/21 2674/91/21
f 2675/93/1 2676/92/1 2677/91/1
f 2678/93/21 2679/92/21 2680/91/21
f 2681/91/20 2682/92/20 2683/93/20
f 2684/91/20 2685/92/20 2686/93/20
f 2687/91/20 2688/92/20 2689/93/20
f 2690/93/1 2691/92/1 2692/91/1
f 2693/93/21 2694/92/21 2695/91/21
f 2696/91/20 2697/92/20 2698/93/20
f 2699/93/21 2700/92/21 2701/91/21
f 2702/91/20 2703/92/20 2704/93/20
f 2705/93/1 2706/92/1 2707/91/1
f 2708/93/20 2709/101/20 2710/91/20
f 2711/93/20 2712/101/20 2713/91/20
f 2714/91/21 2715/101/21 2716/93/21
f 2717/91/1 2718/101/1 2719/93/1
f 2720/91/1 2721/101/1 2722/93/1
f 2723/93/20 2724/101/20 2725/91/20
f 2726/91/21 2727/101/21 2728/93/21
f 2729/93/20 2730/101/20 2731/91/20
f 2732/91/26 2733/92/26 2734/93/26
f 2735/93/1 2736/92/1 2737/91/1
f 2738/91/20 2739/92/20 2740/93/20
f 2741/93/21 2742/92/21 2743/91/21
f 2744/93/20 2745/101/20 2746/91/20
f 2747/91/21 2748/101/21 2749/93/21
f 2750/93/20 2751/101/20 2752/91/20
f 2753/91/26 2754/92/26 2755/93/26
f 2756/93/21 2757/92/21 2758/91/21
f 2759/91/20 2760/92/20 2761/93/20
f 2762/91/1 2763/101/1 2764/93/1
f 2765/93/1 2766/92/1 2767/91/1
f 2768/93/20 2769/101/20 2770/91/20
f 2771/93/26 2772/101/26 2773/91/26
f 2774/91/121 2775/101/121 2776/93/121
f 2777/91/1 2778/101/1 2779/93/1
f 2780/93/21 2781/92/21 2782/91/21
f 2783/93/1 2784/92/1 2785/91/1
f 2786/91/20 2787/92/20 2788/93/20
f 2789/91/20 2790/92/20 2791/93/20
f 2792/91/21 2793/101/21 2794/93/21
f 2795/91/20 2796/92/20 2797/93/20
f 2798/91/1 2799/101/1 2800/93/1
f 2801/93/17 2802/101/17 2803/91/17
f 2804/91/1 2805/101/1 2806/93/1
f 2807/93/17 2808/101/17 2809/91/17
f 2810/91/21 2811/101/21 2812/93/21
f 2813/93/121 2814/92/121 2815/91/121
f 2816/93/20 2817/101/20 2818/91/20
f 2819/91/20 2820/92/20 2821/93/20
f 2822/93/26 2823/101/26 2824/91/26
f 2825/93/18 2826/92/18 2827/91/18
f 2828/91/19 2829/92/19 2830/93/19
f 2831/93/1 2832/92/1 2833/91/1
f 2834/39/26 2835/8/26 2836/2/26
f 2837/8/20 2838/39/20 2839/2/20
f 2840/93/21 2841/92/21 2842/91/21
f 2843/91/19 2844/92/19 2845/93/19
f 2846/39/1 2847/8/1 2848/2/1
f 2849/93/20 2850/101/20 2851/91/20
f 2852/93/20 2853/101/20 2854/91/20
f 2855/91/1 2856/101/1 2857/93/1
f 2858/91/21 2859/101/21 2860/93/21
f 2861/93/20 2862/101/20 2863/91/20
f 2864/91/21 2865/101/21 2866/93/21
f 2867/93/20 2868/101/20 2869/91/20
f 2870/91/1 2871/101/1 2872/93/1
f 2873/93/20 2874/101/20 2875/91/20
f 2876/91/18 2877/101/18 2878/93/18
f 2879/91/21 2880/101/21 2881/93/21
f 2882/93/20 2883/101/20 2884/91/20
f 2885/91/121 2886/101/121 2887/93/121
f 2888/93/26 2889/101/26 2890/91/26
f 2891/93/20 2892/101/20 2893/91/20
f 2894/91/1 2895/101/1 2896/93/1
f 2897/93/17 2898/101/17 2899/91/17
f 2900/91/1 2901/101/1 2902/93/1
f 2903/91/21 2904/101/21 2905/93/21
f 2906/93/19 2907/101/19 2908/91/19
f 2909/93/26 2910/101/26 2911/91/26
f 2912/93/20 2913/101/20 2914/91/20
f 2915/91/1 2916/101/1 2917/93/1
f 2918/91/21 2919/101/21 2920/93/21
s 0
f 2921/102/4 2922/103/4 2923/104/4
f 2924/102/4 2925/103/4 2926/104/4
f 2926/104/4 2927/105/4 2924/102/4
f 2928/104/4 2929/105/4 2930/102/4
f 2930/102/4 2931/103/4 2928/104/4
f 2923/104/4 2932/105/4 2921/102/4
s 1
f 2933/93/17 2934/101/17 2935/91/17
f 2936/93/17 2937/101/17 2938/91/17
f 2939/91/21 2940/101/21 2941/93/21
f 2942/91/1 2943/101/1 2944/93/1
s 0
f 2945/106/122 2946/55/122 2947/52/122
f 2948/106/122 2949/55/122 2950/52/122
f 2951/55/123 2952/106/123 2953/107/123
f 2954/107/124 2955/52/124 2956/55/124
f 2957/52/122 2958/107/122 2959/106/122
f 2960/52/125 2961/107/125 2962/106/125
f 2963/106/122 2964/55/122 2965/52/122
f 2966/107/124 2967/52/124 2968/55/124
f 2969/52/122 2970/107/122 2971/106/122
f 2972/55/124 2973/106/124 2974/107/124
f 2975/55/124 2976/106/124 2977/107/124
f 2978/107/124 2979/52/124 2980/55/124
s 1
f 2981/100/20 2982/88/20 2983/89/20
f 2984/100/20 2985/88/20 2986/89/20
f 2987/89/21 2988/88/21 2989/100/21
f 2990/89/1 2991/88/1 2992/100/1
f 2993/42/19 2994/8/19 2995/41/19
f 2996/93/19 2997/101/19 2998/91/19
f 2999/91/121 3000/101/121 3001/93/121
f 3002/93/19 3003/101/19 3004/91/19
f 3005/91/18 3006/101/18 3007/93/18
f 3008/42/1 3009/8/1 3010/39/1
s 0
f 3011/108/4 3012/109/4 3013/110/4
f 3014/108/4 3015/109/4 3016/110/4
f 3017/108/4 3018/109/4 3019/110/4
f 3020/108/4 3021/109/4 3022/110/4
f 3023/111/77 3024/112/77 3025/113/77
f 3026/113/77 3027/114/77 3028/111/77
f 3029/110/4 3030/115/4 3031/108/4
f 3032/111/77 3033/112/77 3034/113/77
f 3035/111/77 3036/112/77 3037/113/77
f 3016/110/4 3038/115/4 3014/108/4
f 3039/108/4 3040/109/4 3041/110/4
f 3042/111/77 3043/112/77 3044/113/77
f 3019/110/4 3045/115/4 3017/108/4
f 3046/108/4 3047/109/4 3048/110/4
f 3049/113/77 3050/114/77 3051/111/77
f 3052/113/77 3053/114/77 3054/111/77
f 3055/108/4 3056/109/4 3057/110/4
f 3058/111/77 3059/112/77 3060/113/77
f 3061/110/4 3062/115/4 3063/108/4
f 3064/113/77 3065/114/77 3066/111/77
f 3067/108/4 3068/109/4 3069/110/4
f 3070/110/4 3071/115/4 3072/108/4
f 3073/111/77 3074/112/77 3075/113/77
f 3076/113/77 3077/114/77 3078/111/77
f 3079/108/4 3080/109/4 3081/110/4
f 3078/111/77 3082/112/77 3076/113/77
f 3083/108/4 3084/109/4 3085/110/4
f 3086/108/4 3087/109/4 3088/110/4
f 3089/108/4 3090/109/4 3091/110/4
f 3092/113/77 3093/114/77 3094/111/77
f 3095/110/4 3096/115/4 3097/108/4
f 3075/113/77 3098/114/77 3073/111/77
f 3097/108/4 3099/109/4 3095/110/4
f 3100/108/4 3101/109/4 3102/110/4
f 3103/111/77 3104/112/77 3105/113/77
f 3106/108/4 3107/109/4 3108/110/4
f 3109/110/4 3110/115/4 3111/108/4
f 3112/113/77 3113/114/77 3114/111/77
f 3091/110/4 3115/115/4 3089/108/4
f 3116/113/77 3117/114/77 3118/111/77
f 3031/108/4 3119/109/4 3029/110/4
f 3120/111/77 3121/112/77 3122/113/77
f 3111/108/4 3123/109/4 3109/110/4
f 3124/108/4 3125/109/4 3126/110/4
f 3127/113/77 3128/114/77 3129/111/77
f 3130/108/4 3131/109/4 3132/110/4
f 3133/108/4 3134/109/4 3135/110/4
f 3136/111/77 3137/112/77 3138/113/77
f 3085/110/4 3139/115/4 3083/108/4
f 3140/113/77 3141/114/77 3142/111/77
f 3063/108/4 3143/109/4 3061/110/4
f 3144/110/4 3145/115/4 3146/108/4
f 3147/108/4 3148/109/4 3149/110/4
f 3094/111/77 3150/112/77 3092/113/77
f 3151/111/77 3152/112/77 3153/113/77
f 3154/110/4 3155/115/4 3156/108/4
f 3157/111/77 3158/112/77 3159/113/77
f 3160/108/4 3161/109/4 3162/110/4
f 3163/108/4 3164/109/4 3165/110/4
f 3166/110/4 3167/115/4 3168/108/4
f 3169/111/77 3170/112/77 3171/113/77
f 3135/110/4 3172/115/4 3133/108/4
f 3173/108/4 3174/109/4 3175/110/4
f 3176/113/77 3177/114/77 3178/111/77
f 3179/110/4 3180/115/4 3181/108/4
f 3182/108/4 3183/109/4 3184/110/4
f 3185/111/77 3186/112/77 3187/113/77
f 3188/110/4 3189/115/4 3190/108/4
f 3142/111/77 3191/112/77 3140/113/77
f 3149/110/4 3192/115/4 3147/108/4
f 3013/110/4 3193/115/4 3011/108/4
f 3190/108/4 3194/109/4 3188/110/4
f 3195/110/4 3196/115/4 3197/108/4
f 3198/111/77 3199/112/77 3200/113/77
f 3201/108/4 3202/109/4 3203/110/4
f 3204/110/4 3205/115/4 3206/108/4
f 3207/108/4 3208/109/4 3209/110/4
f 3209/110/4 3210/115/4 3207/108/4
f 3108/110/4 3211/115/4 3106/108/4
f 3200/113/77 3212/114/77 3198/111/77
f 3213/108/4 3214/109/4 3215/110/4
f 3216/111/77 3217/112/77 3218/113/77
f 3072/108/4 3219/109/4 3070/110/4
f 3069/110/4 3220/115/4 3067/108/4
f 3175/110/4 3221/115/4 3173/108/4
f 3222/110/4 3223/115/4 3224/108/4
f 3162/110/4 3225/115/4 3160/108/4
f 3226/108/4 3227/109/4 3228/110/4
f 3218/113/77 3229/114/77 3216/111/77
f 3215/110/4 3230/115/4 3213/108/4
f 3231/108/4 3232/109/4 3233/110/4
f 3057/110/4 3234/115/4 3055/108/4
f 3118/111/77 3235/112/77 3116/113/77
f 3236/108/4 3237/109/4 3238/110/4
f 3239/113/77 3240/114/77 3241/111/77
f 3156/108/4 3242/109/4 3154/110/4
f 3138/113/77 3243/114/77 3136/111/77
f 3244/110/4 3245/115/4 3246/108/4
f 3203/110/4 3247/115/4 3201/108/4
f 3228/110/4 3248/115/4 3226/108/4
f 3249/110/4 3250/115/4 3251/108/4
f 3181/108/4 3252/109/4 3179/110/4
f 3102/110/4 3253/115/4 3100/108/4
f 3105/113/77 3254/114/77 3103/111/77
f 3233/110/4 3255/115/4 3231/108/4
f 3246/108/4 3256/109/4 3244/110/4
f 3257/110/4 3258/115/4 3259/108/4
f 3132/110/4 3260/115/4 3130/108/4
f 3126/110/4 3261/115/4 3124/108/4
f 3262/110/4 3263/115/4 3264/108/4
f 3022/110/4 3265/115/4 3020/108/4
f 3266/110/4 3267/115/4 3268/108/4
f 3153/113/77 3269/114/77 3151/111/77
f 3048/110/4 3270/115/4 3046/108/4
f 3206/108/4 3271/109/4 3204/110/4
f 3114/111/77 3272/112/77 3112/113/77
f 3044/113/77 3273/114/77 3042/111/77
f 3274/108/4 3275/109/4 3276/110/4
f 3277/113/77 3278/114/77 3279/111/77
f 3168/108/4 3280/109/4 3166/110/4
f 3281/111/77 3282/112/77 3283/113/77
f 3284/108/4 3285/109/4 3286/110/4
f 3287/108/4 3288/109/4 3289/110/4
f 3290/113/77 3291/114/77 3292/111/77
f 3268/108/4 3293/109/4 3266/110/4
f 3054/111/77 3294/112/77 3052/113/77
f 3041/110/4 3295/115/4 3039/108/4
f 3081/110/4 3296/115/4 3079/108/4
f 3286/110/4 3297/115/4 3284/108/4
f 3298/113/77 3299/114/77 3300/111/77
s 1
f 3301/1/1 3302/116/1 3303/40/1
f 3304/40/18 3305/42/18 3306/39/18
f 3307/90/18 3308/100/18 3309/88/18
f 3310/90/121 3311/100/121 3312/88/121
f 3313/88/19 3314/100/19 3315/90/19
f 3316/88/19 3317/100/19 3318/90/19
f 3319/8/1 3320/3/1 3321/2/1
f 3322/89/20 3323/90/20 3324/100/20
f 3325/100/1 3326/90/1 3327/89/1
f 3328/100/21 3329/90/21 3330/89/21
f 3331/89/20 3332/90/20 3333/100/20
s 0
f 3334/117/4 3335/118/4 3336/119/4
f 3337/117/4 3338/118/4 3339/119/4
s 1
f 3340/119/1 3341/120/1 3342/117/1
f 3343/117/26 3344/118/26 3345/119/26
f 3346/121/20 3347/122/20 3348/123/20
f 3349/117/1 3350/118/1 3351/119/1
f 3352/119/26 3353/120/26 3354/117/26
f 3355/121/21 3356/122/21 3357/123/21
f 3358/123/21 3359/124/21 3360/121/21
f 3361/123/20 3362/124/20 3363/121/20
s 0
f 3364/124/77 3365/121/77 3366/122/77
f 3336/119/4 3367/120/4 3334/117/4
f 3368/122/77 3369/123/77 3370/124/77
f 3371/121/4 3372/122/4 3373/123/4
f 3370/124/77 3374/121/77 3368/122/77
f 3339/119/4 3375/120/4 3337/117/4
f 3366/122/77 3376/123/77 3364/124/77
f 3373/123/4 3377/124/4 3371/121/4
f 3378/120/77 3379/117/77 3380/118/77
f 3381/121/4 3382/122/4 3383/123/4
f 3384/120/77 3385/117/77 3386/118/77
f 3380/118/77 3387/119/77 3378/120/77
f 3383/123/4 3388/124/4 3381/121/4
f 3386/118/77 3389/119/77 3384/120/77
f 3390/125/126 3391/126/126 3392/127/126
f 3393/127/127 3394/128/127 3395/125/127
f 3396/127/128 3397/128/128 3398/125/128
f 3399/127/127 3400/128/127 3401/125/127
f 3402/125/127 3403/126/127 3404/127/127
f 3405/127/129 3406/128/129 3407/125/129
f 3408/127/129 3409/128/129 3410/125/129
f 3411/125/129 3412/126/129 3413/127/129
f 3414/127/129 3415/128/129 3416/125/129
f 3417/125/128 3418/126/128 3419/127/128
f 3420/127/129 3421/128/129 3422/125/129
f 3423/127/128 3424/128/128 3425/125/128
f 3426/127/130 3427/128/130 3428/125/130
f 3429/125/130 3430/126/130 3431/127/130
f 3432/127/129 3433/128/129 3434/125/129
f 3435/127/129 3436/128/129 3437/125/129
f 3438/127/127 3439/128/127 3440/125/127
f 3441/127/129 3442/128/129 3443/125/129
f 3444/125/81 3445/126/81 3446/127/81
f 3447/125/81 3448/126/81 3449/127/81
f 3450/127/129 3451/128/129 3452/125/129
f 3453/127/128 3454/128/128 3455/125/128
f 3456/125/80 3457/126/80 3458/127/80
f 3449/127/81 3459/128/81 3447/125/81
f 3460/125/81 3461/126/81 3462/127/81
f 3463/125/80 3464/126/80 3465/127/80
f 3466/127/127 3467/128/127 3468/125/127
f 3469/125/130 3470/126/130 3471/127/130
f 3472/125/129 3473/126/129 3474/127/129
s 1
f 3475/125/131 3476/126/131 3477/127/131
s 0
f 3478/125/127 3479/126/127 3480/127/127
f 3481/125/80 3482/126/80 3483/127/80
f 3484/125/127 3485/126/127 3486/127/127
f 3487/125/81 3488/126/81 3489/127/81
f 3490/127/81 3491/128/81 3492/125/81
f 3493/127/80 3494/128/80 3495/125/80
s 1
f 3496/127/132 3497/128/132 3498/125/132
s 0
f 3462/127/81 3499/128/81 3460/125/81
f 3500/125/129 3501/126/129 3502/127/129
f 3503/125/80 3504/126/80 3505/127/80
f 3506/125/81 3507/126/81 3508/127/81
f 3509/125/81 3510/126/81 3511/127/81
f 3512/125/128 3513/126/128 3514/127/128
f 3465/127/80 3515/128/80 3463/125/80
f 3516/127/81 3517/128/81 3518/125/81
f 3519/127/80 3520/128/80 3521/125/80
f 3458/127/80 3522/128/80 3456/125/80
f 3523/125/81 3524/126/81 3525/127/81
f 3526/125/80 3527/126/80 3528/127/80
f 3521/125/80 3529/126/80 3519/127/80
f 3511/127/81 3530/128/81 3509/125/81
s 1
f 3531/127/133 3532/128/133 3533/125/133
s 0
f 3508/127/81 3534/128/81 3506/125/81
f 3535/127/81 3536/128/81 3537/125/81
f 3538/125/80 3539/126/80 3540/127/80
f 3495/125/80 3541/126/80 3493/127/80
f 3542/125/80 3543/126/80 3544/127/80
f 3545/125/129 3546/126/129 3547/127/129
f 3446/127/81 3548/128/81 3444/125/81
f 3549/127/81 3550/128/81 3551/125/81
f 3552/127/81 3553/128/81 3554/125/81
f 3555/125/134 3556/126/134 3557/127/134
f 3489/127/81 3558/128/81 3487/125/81
f 3559/127/81 3560/128/81 3561/125/81
f 3562/127/80 3563/128/80 3564/125/80
f 3565/127/80 3566/128/80 3567/125/80
f 3561/125/81 3568/126/81 3559/127/81
f 3544/127/80 3569/128/80 3542/125/80
f 3537/125/81 3570/126/81 3535/127/81
f 3554/125/81 3571/126/81 3552/127/81
f 3572/125/81 3573/126/81 3574/127/81
f 3575/125/80 3576/126/80 3577/127/80
f 3525/127/81 3578/128/81 3523/125/81
f 3579/125/130 3580/126/130 3581/127/130
f 3574/127/81 3582/128/81 3572/125/81
s 1
f 3583/127/133 3584/128/133 3585/125/133
f 3586/125/131 3587/126/131 3588/127/131
s 0
f 3589/125/129 3590/126/129 3591/127/129
s 1
f 3592/127/135 3593/128/135 3594/125/135
f 3595/125/133 3596/126/133 3597/127/133
s 0
f 3598/127/129 3599/128/129 3600/125/129
s 1
f 3601/127/133 3602/128/133 3603/125/133
s 0
f 3604/125/129 3605/126/129 3606/127/129
f 3607/125/81 3608/126/81 3609/127/81
f 3610/125/81 3611/126/81 3612/127/81
f 3492/125/81 3613/126/81 3490/127/81
f 3614/125/136 3615/126/136 3616/127/136
s 1
f 3617/127/137 3618/128/137 3619/125/137
s 0
f 3620/125/130 3621/126/130 3622/127/130
f 3623/125/128 3624/126/128 3625/127/128
f 3626/125/80 3627/126/80 3628/127/80
f 3629/125/80 3630/126/80 3631/127/80
s 1
f 3632/127/131 3633/128/131 3634/125/131
s 0
f 3635/125/128 3636/126/128 3637/127/128
f 3638/127/81 3639/128/81 3640/125/81
f 3577/127/80 3641/128/80 3575/125/80
s 1
f 3642/125/133 3643/126/133 3644/127/133
s 0
f 3645/127/80 3646/128/80 3647/125/80
f 3648/125/81 3649/126/81 3650/127/81
f 3651/125/81 3652/126/81 3653/127/81
f 3483/127/80 3654/128/80 3481/125/80
f 3640/125/81 3655/126/81 3638/127/81
f 3656/125/128 3657/126/128 3658/127/128
s 1
f 3659/125/137 3660/126/137 3661/127/137
s 0
f 3662/127/80 3663/128/80 3664/125/80
f 3551/125/81 3665/126/81 3549/127/81
f 3666/127/80 3667/128/80 3668/125/80
f 3669/127/138 3670/128/138 3671/125/138
f 3672/127/139 3673/128/139 3674/125/139
f 3675/127/140 3676/128/140 3677/125/140
f 3678/127/136 3679/128/136 3680/125/136
f 3681/127/141 3682/128/141 3683/125/141
f 3528/127/80 3684/128/80 3526/125/80
f 3518/125/81 3685/126/81 3516/127/81
f 3686/125/80 3687/126/80 3688/127/80
s 1
f 3689/127/142 3690/128/142 3691/125/143
s 0
f 3692/125/128 3693/126/128 3694/127/128
f 3695/127/130 3696/128/130 3697/125/130
f 3698/127/134 3699/128/134 3700/125/134
f 3674/125/139 3701/126/139 3672/127/139
f 3702/125/138 3703/126/138 3704/127/138
f 3705/127/80 3706/128/80 3707/125/80
f 3708/125/140 3709/126/140 3710/127/140
s 1
f 3711/127/135 3712/128/135 3713/125/135
s 0
f 3714/125/141 3715/126/141 3716/127/141
f 3707/125/80 3717/126/80 3705/127/80
f 3540/127/80 3718/128/80 3538/125/80
f 3719/127/129 3720/128/129 3721/125/129
f 3650/127/81 3722/128/81 3648/125/81
f 3653/127/81 3723/128/81 3651/125/81
f 3724/125/80 3725/126/80 3726/127/80
f 3727/127/81 3728/128/81 3729/125/81
f 3726/127/80 3730/128/80 3724/125/80
f 3609/127/81 3731/128/81 3607/125/81
f 3612/127/81 3732/128/81 3610/125/81
s 1
f 3733/125/135 3734/126/135 3735/127/135
s 0
f 3736/127/144 3737/128/144 3738/125/144
f 3668/125/80 3739/126/80 3666/127/80
f 3664/125/80 3740/126/80 3662/127/80
f 3741/125/145 3742/126/145 3743/127/145
f 3628/127/80 3744/128/80 3626/125/80
s 1
f 3745/125/137 3746/126/137 3747/127/137
s 0
f 3567/125/80 3748/126/80 3565/127/80
f 3688/127/80 3749/128/80 3686/125/80
f 3505/127/80 3750/128/80 3503/125/80
s 1
f 3751/125/146 3752/126/146 3753/127/146
s 0
f 3754/125/129 3755/126/129 3756/127/129
f 3757/127/138 3758/128/138 3759/125/138
f 3760/125/141 3761/126/141 3762/127/141
f 3631/127/80 3763/128/80 3629/125/80
f 3764/127/128 3765/128/128 3766/125/128
f 3767/127/127 3768/128/127 3769/125/127
f 3729/125/81 3770/126/81 3727/127/81
f 3771/125/138 3772/126/138 3773/127/138
f 3774/127/128 3775/128/128 3776/125/128
f 3647/125/80 3777/126/80 3645/127/80
f 3564/125/80 3778/126/80 3562/127/80
f 3431/127/130 3779/128/130 3429/125/130
f 3780/125/127 3781/126/127 3782/127/127
f 3783/125/129 3784/126/129 3785/127/129
f 3786/127/130 3787/128/130 3788/125/130
f 3789/125/129 3790/126/129 3791/127/129
f 3792/125/127 3793/126/127 3794/127/127
f 3795/125/130 3796/126/130 3797/127/130
f 3798/125/144 3799/126/144 3800/127/144
f 3801/125/129 3802/126/129 3803/127/129
f 3804/127/130 3805/128/130 3806/125/130
f 3807/127/128 3808/128/128 3809/125/128
f 3810/127/145 3811/128/145 3812/125/145
f 3813/127/129 3814/128/129 3815/125/129
f 3816/125/129 3817/126/129 3818/127/129
f 3819/127/127 3820/128/127 3821/125/127
s 1
f 3822/129/147 3823/130/147 3824/131/147
s 0
f 3825/131/148 3826/132/148 3827/129/148
s 1
f 3828/131/147 3829/132/147 3830/129/147
f 3831/129/147 3832/130/147 3833/131/147
s 0
f 3834/131/149 3835/132/149 3836/129/149
f 3837/129/150 3838/130/150 3839/131/150
f 3840/129/148 3841/130/148 3842/131/148
s 1
f 3843/131/147 3844/132/147 3845/129/147
f 3846/129/147 3847/130/147 3848/131/147
s 0
f 3849/131/149 3850/132/149 3851/129/149
f 3852/131/151 3853/132/151 3854/129/151
f 3855/129/148 3856/130/148 3857/131/148
f 3858/129/152 3859/130/152 3860/131/152
f 3861/131/149 3862/132/149 3863/129/149
f 3864/129/148 3865/130/148 3866/131/148
f 3867/131/148 3868/132/148 3869/129/148
f 3870/131/149 3871/132/149 3872/129/149
f 3873/131/153 3874/132/153 3875/129/153
s 1
f 3876/131/147 3877/132/147 3878/129/147
f 3879/129/154 3880/130/154 3881/131/154
s 0
f 3882/131/147 3883/132/147 3884/129/147
s 1
f 3885/131/155 3886/132/155 3887/129/155
f 3888/129/154 3889/130/154 3890/131/154
s 0
f 3891/131/151 3892/132/151 3893/129/151
f 3894/129/148 3895/130/148 3896/131/148
f 3897/129/153 3898/130/153 3899/131/153
f 3900/129/156 3901/130/156 3902/131/157
s 1
f 3903/131/158 3904/132/158 3905/129/158
s 0
f 3906/129/156 3907/130/156 3908/131/156
s 1
f 3909/131/158 3910/132/158 3911/129/158
s 0
f 3912/131/158 3913/132/158 3914/129/158
s 1
f 3915/131/153 3916/132/153 3917/129/153
f 3918/131/159 3919/132/159 3920/129/159
s 0
f 3921/131/160 3922/132/160 3923/129/160
s 1
f 3924/129/161 3925/130/161 3926/131/162
f 3927/129/17 3928/130/17 3929/131/17
s 0
f 3930/131/156 3931/132/156 3932/129/156
s 1
f 3933/131/1 3934/132/1 3935/129/1
f 3936/129/1 3937/130/1 3938/131/1
f 3939/131/18 3940/132/18 3941/129/18
f 3942/131/17 3943/132/17 3944/129/17
s 0
f 3945/131/160 3946/132/160 3947/129/160
s 1
f 3948/131/1 3949/132/1 3950/129/1
f 3951/129/1 3952/130/1 3953/131/1
s 0
f 3954/131/163 3955/132/163 3956/129/163
s 1
f 3957/129/1 3958/130/1 3959/131/1
f 3960/131/20 3961/132/20 3962/129/20
s 0
f 3963/131/164 3964/132/164 3965/129/164
s 1
f 3966/131/18 3967/132/18 3968/129/18
f 3969/129/154 3970/130/154 3971/131/154
s 0
f 3972/129/165 3973/130/165 3974/131/165
f 3975/131/166 3976/132/166 3977/129/166
s 1
f 3978/129/17 3979/130/17 3980/131/17
f 3981/131/20 3982/132/20 3983/129/20
f 3984/131/167 3985/132/167 3986/129/167
f 3987/129/17 3988/130/17 3989/131/17
s 0
f 3990/131/168 3991/132/168 3992/129/168
s 1
f 3993/131/157 3994/132/157 3995/129/169
f 3996/131/170 3997/132/170 3998/129/170
f 3999/131/171 4000/132/171 4001/129/171
f 4002/131/172 4003/132/172 4004/129/172
f 4005/129/173 4006/130/173 4007/131/173
f 4008/131/17 4009/132/17 4010/129/17
s 0
f 4011/129/156 4012/130/156 4013/131/156
s 1
f 4014/131/20 4015/132/20 4016/129/20
f 4017/131/20 4018/132/20 4019/129/20
s 0
f 4020/129/174 4021/130/174 4022/131/174
s 1
f 4023/129/1 4024/130/1 4025/131/1
f 4026/129/155 4027/130/155 4028/131/155
f 4029/131/1 4030/132/1 4031/129/1
f 4032/129/1 4033/130/1 4034/131/1
f 4035/131/17 4036/132/17 4037/129/17
f 4038/129/175 4039/130/175 4040/131/175
f 4041/129/18 4042/130/18 4043/131/18
f 4044/129/170 4045/130/170 4046/131/176
s 0
f 4047/131/177 4048/132/177 4049/129/177
s 1
f 4050/129/155 4051/130/155 4052/131/155
f 4053/131/1 4054/132/1 4055/129/1
f 4056/129/18 4057/130/18 4058/131/18
f 4059/129/20 4060/130/20 4061/131/20
f 4062/131/1 4063/132/1 4064/129/1
f 4065/129/18 4066/130/18 4067/131/18
f 4068/131/20 4069/132/20 4070/129/20
f 4071/129/18 4072/130/18 4073/131/18
f 4074/131/1 4075/132/1 4076/129/1
f 4077/129/17 4078/130/17 4079/131/17
f 4080/129/164 4081/130/164 4082/131/162
s 0
f 4083/131/168 4084/132/168 4085/129/168
s 1
f 4086/129/20 4087/130/20 4088/131/20
f 4089/129/18 4090/130/18 4091/131/18
s 0
f 4092/131/163 4093/132/163 4094/129/163
s 1
f 4095/129/20 4096/130/20 4097/131/20
f 4098/131/1 4099/132/1 4100/129/1
f 4101/129/17 4102/130/17 4103/131/17
f 4104/131/1 4105/132/1 4106/129/1
s 0
f 4107/131/178 4108/132/178 4109/129/178
s 1
f 4110/129/1 4111/130/1 4112/131/1
s 0
f 4113/129/163 4114/130/163 4115/131/163
s 1
f 4116/129/20 4117/130/20 4118/131/20
f 4119/129/18 4120/130/18 4121/131/18
s 0
f 4122/129/166 4123/130/166 4124/131/166
s 1
f 4125/131/18 4126/132/18 4127/129/18
s 0
f 4128/131/174 4129/132/174 4130/129/174
s 1
f 4131/131/20 4132/132/20 4133/129/20
f 4134/131/158 4135/132/158 4136/129/158
s 0
f 4137/131/166 4138/132/166 4139/129/166
s 1
f 4140/129/20 4141/130/20 4142/131/20
s 0
f 4143/129/174 4144/130/174 4145/131/166
s 1
f 4146/129/20 4147/130/20 4148/131/20
f 4149/129/18 4150/130/18 4151/131/18
f 4152/131/17 4153/132/17 4154/129/17
f 4155/131/1 4156/132/1 4157/129/1
f 4158/131/20 4159/132/20 4160/129/20
s 0
f 4161/129/168 4162/130/168 4163/131/168
s 1
f 4164/129/17 4165/130/17 4166/131/17
f 4167/131/20 4168/132/20 4169/129/20
f 4170/131/1 4171/132/1 4172/129/1
f 4173/131/20 4174/132/20 4175/129/20
s 0
f 4176/129/164 4177/130/164 4178/131/164
s 1
f 4179/129/1 4180/130/1 4181/131/1
s 0
f 4182/129/174 4183/130/174 4184/131/174
s 1
f 4185/131/20 4186/132/20 4187/129/20
f 4188/129/179 4189/130/179 4190/131/179
s 0
f 4191/129/180 4192/130/180 4193/131/180
s 1
f 4194/129/1 4195/130/1 4196/131/1
f 4197/129/18 4198/130/18 4199/131/18
f 4200/131/1 4201/132/1 4202/129/1
f 4203/129/1 4204/130/1 4205/131/1
f 4206/131/158 4207/132/158 4208/129/158
f 4209/129/155 4210/130/155 4211/131/155
f 4212/129/17 4213/130/17 4214/131/17
f 4215/131/18 4216/132/18 4217/129/18
f 4218/131/1 4219/132/1 4220/129/1
f 4221/129/1 4222/130/1 4223/131/1
f 4224/131/1 4225/132/1 4226/129/1
s 0
f 4227/129/160 4228/130/160 4229/131/160
s 1
f 4230/131/20 4231/132/20 4232/129/20
s 0
f 4233/131/181 4234/132/181 4235/129/181
s 1
f 4236/131/153 4237/132/153 4238/129/153
f 4239/129/20 4240/130/20 4241/131/20
f 4242/129/17 4243/130/17 4244/131/17
s 0
f 4245/129/182 4246/130/182 4247/131/182
s 1
f 4248/129/20 4249/130/20 4250/131/20
f 4251/131/1 4252/132/1 4253/129/1
f 4254/131/20 4255/132/20 4256/129/20
f 4257/129/153 4258/130/153 4259/131/153
s 0
f 4260/131/153 4261/132/153 4262/129/153
s 1
f 4263/129/20 4264/130/20 4265/131/20
f 4266/131/1 4267/132/1 4268/129/1
f 4269/131/20 4270/132/20 4271/129/20
s 0
f 4272/131/162 4273/132/162 4274/129/162
s 1
f 4275/129/18 4276/130/18 4277/131/18
f 4278/131/20 4279/132/20 4280/129/20
f 4281/131/20 4282/132/20 4283/129/20
f 4284/131/1 4285/132/1 4286/129/1
f 4287/129/20 4288/130/20 4289/131/20
s 0
f 4290/131/165 4291/132/165 4292/129/165
f 4293/131/174 4294/132/174 4295/129/174
s 1
f 4296/131/20 4297/132/20 4298/129/20
f 4299/129/1 4300/130/1 4301/131/1
s 0
f 4302/129/177 4303/130/177 4304/131/177
s 1
f 4305/129/20 4306/130/20 4307/131/20
s 0
f 4308/129/153 4309/130/153 4310/131/153
s 1
f 4311/129/17 4312/130/17 4313/131/17
s 0
f 4314/129/157 4315/130/157 4316/131/157
f 4317/129/153 4318/130/153 4319/131/153
s 1
f 4320/129/158 4321/130/158 4322/131/158
s 0
f 4323/129/182 4324/130/182 4325/131/182
s 1
f 4326/131/158 4327/132/158 4328/129/158
f 4329/129/158 4330/130/158 4331/131/158
f 4332/129/175 4333/130/175 4334/131/175
f 4335/129/158 4336/130/158 4337/131/158
f 4338/133/20 4339/134/20 4340/135/20
f 4341/133/20 4342/134/20 4343/135/20
f 4344/133/20 4345/134/20 4346/135/20
f 4347/135/20 4348/136/20 4349/133/20
f 4350/133/1 4351/134/1 4352/135/1
f 4353/133/20 4354/134/20 4355/135/20
f 4356/133/20 4357/134/20 4358/135/20
f 4359/135/1 4360/136/1 4361/133/1
f 4362/135/1 4363/136/1 4364/133/1
f 4365/133/20 4366/134/20 4367/135/20
f 4368/133/20 4369/134/20 4370/135/20
f 4371/135/20 4372/136/20 4373/133/20
f 4374/135/20 4375/136/20 4376/133/20
f 4377/135/1 4378/136/1 4379/133/1
f 4380/133/1 4381/134/1 4382/135/1
f 4383/135/1 4384/136/1 4385/133/1
f 4386/135/1 4387/136/1 4388/133/1
f 4389/133/1 4390/134/1 4391/135/1
f 4392/135/20 4393/136/20 4394/133/20
f 4395/133/1 4396/134/1 4397/135/1
f 4398/133/1 4399/134/1 4400/135/1
f 4401/135/1 4402/136/1 4403/133/1
f 4404/135/20 4405/136/20 4406/133/20
f 4407/133/1 4408/134/1 4409/135/1
f 4410/135/1 4411/136/1 4412/133/1
f 4413/135/20 4414/136/20 4415/133/20
f 4416/133/1 4417/134/1 4418/135/1
f 4419/135/20 4420/136/20 4421/133/20
f 4422/135/26 4423/136/26 4424/133/26
f 4425/133/20 4426/134/20 4427/135/20
f 4428/135/1 4429/136/1 4430/133/1
f 4431/133/18 4432/134/18 4433/135/18
f 4434/8/1 4435/38/1 4436/9/1
s 0
f 4437/123/81 4438/137/81 4439/138/81
f 4439/138/81 4440/122/81 4437/123/81
f 4441/138/80 4442/122/80 4443/123/80
f 4443/123/80 4444/137/80 4441/138/80
f 4445/138/81 4446/122/81 4447/123/81
f 4448/138/80 4449/122/80 4450/123/80
f 4447/123/81 4451/137/81 4445/138/81
f 4450/123/80 4452/137/80 4448/138/80
s 1
f 4453/12/183 4454/139/184 4455/140/184
s 0
f 4456/141/185 4457/13/183 4458/142/183
f 4459/12/186 4460/139/187 4461/140/187
s 1
f 4462/12/188 4463/139/184 4464/140/184
s 0
f 4465/139/189 4466/141/189 4467/143/189
f 4468/12/186 4469/139/187 4470/140/187
f 4471/139/190 4472/141/190 4473/143/190
s 1
f 4474/12/187 4475/139/186 4476/140/186
s 0
f 4477/139/189 4478/141/189 4479/143/189
f 4480/139/189 4481/141/189 4482/143/189
f 4483/141/191 4484/13/191 4485/142/191
f 4486/12/192 4487/139/192 4488/140/192
f 4489/12/192 4490/139/187 4491/140/187
s 1
f 4492/141/184 4493/13/185 4494/142/185
s 0
f 4495/13/190 4496/12/190 4497/144/190
f 4498/139/190 4499/141/190 4500/143/190
f 4501/139/189 4502/141/189 4503/143/189
f 4504/13/189 4505/12/189 4506/144/189
f 4507/13/189 4508/12/189 4509/144/189
f 4510/13/189 4511/12/189 4512/144/189
s 1
f 4513/141/187 4514/13/186 4515/142/186
f 4516/12/193 4517/139/188 4518/140/188
s 0
f 4519/139/189 4520/141/189 4521/143/189
f 4522/13/189 4523/12/189 4524/144/189
f 4525/13/194 4526/12/194 4527/144/194
s 1
f 4528/12/183 4529/139/184 4530/140/184
s 0
f 4531/12/192 4532/139/187 4533/140/187
f 4534/139/189 4535/141/189 4536/143/189
f 4537/139/189 4538/141/189 4539/143/189
f 4540/13/190 4541/12/190 4542/144/190
f 4543/139/190 4544/141/190 4545/143/190
s 1
f 4546/12/193 4547/139/188 4548/140/188
s 0
f 4549/13/189 4550/12/189 4551/144/189
f 4552/141/191 4553/13/183 4554/142/183
f 4555/13/189 4556/12/189 4557/144/189
f 4558/13/189 4559/12/189 4560/144/189
f 4561/139/190 4562/141/190 4563/143/190
f 4564/12/191 4565/139/191 4566/140/191
f 4567/13/190 4568/12/190 4569/144/190
f 4570/12/192 4571/139/187 4572/140/187
f 4573/141/192 4574/13/192 4575/142/192
f 4576/139/189 4577/141/189 4578/143/189
f 4579/13/190 4580/12/190 4581/144/190
f 4582/13/189 4583/12/189 4584/144/189
f 4585/13/194 4586/12/194 4587/144/194
f 4588/139/190 4589/141/190 4590/143/190
f 4591/139/190 4592/141/190 4593/143/190
f 4594/139/194 4595/141/194 4596/143/194
f 4597/13/189 4598/12/189 4599/144/189
f 4600/13/189 4601/12/189 4602/144/189
s 1
f 4603/141/187 4604/13/186 4605/142/186
f 4606/12/195 4607/139/186 4608/140/186
s 0
f 4609/141/191 4610/13/183 4611/142/183
f 4612/141/192 4613/13/192 4614/142/192
s 1
f 4615/141/186 4616/13/186 4617/142/186
s 0
f 4618/139/190 4619/141/190 4620/143/190
f 4621/139/189 4622/141/189 4623/143/189
f 4624/13/190 4625/12/190 4626/144/190
f 4627/12/191 4628/139/191 4629/140/191
f 4630/139/190 4631/141/190 4632/143/190
f 4633/13/194 4634/12/194 4635/144/194
f 4636/13/190 4637/12/190 4638/144/190
f 4639/139/189 4640/141/189 4641/143/189
s 1
f 4642/141/187 4643/13/186 4644/142/186
f 4645/141/196 4646/13/186 4647/142/186
s 0
f 4648/139/190 4649/141/190 4650/143/190
s 1
f 4651/141/187 4652/13/186 4653/142/186
s 0
f 4654/141/192 4655/13/187 4656/142/187
f 4657/12/192 4658/139/187 4659/140/187
s 1
f 4660/12/183 4661/139/184 4662/140/184
s 0
f 4663/141/191 4664/13/183 4665/142/183
s 1
f 4666/12/188 4667/139/184 4668/140/184
f 4669/141/183 4670/13/185 4671/142/185
s 0
f 4672/141/191 4673/13/183 4674/142/183
f 4675/13/190 4676/12/190 4677/144/190
f 4678/12/192 4679/139/187 4680/140/187
s 1
f 4681/141/187 4682/13/186 4683/142/186
s 0
f 4684/141/185 4685/13/183 4686/142/183
s 1
f 4687/12/183 4688/139/184 4689/140/184
s 0
f 4690/141/191 4691/13/183 4692/142/183
f 4693/144/189 4694/142/189 4695/13/189
f 4696/143/189 4697/140/189 4698/139/189
f 4699/143/189 4700/140/189 4701/139/189
f 4702/144/190 4703/142/190 4704/13/190
f 4705/143/190 4706/140/190 4707/139/190
f 4708/143/190 4709/140/190 4710/139/190
f 4711/143/190 4712/140/190 4713/139/190
f 4714/144/194 4715/142/194 4716/13/194
f 4717/144/194 4718/142/194 4719/13/194
f 4720/143/197 4721/140/197 4722/139/197
f 4723/144/197 4724/142/197 4725/13/197
f 4726/144/197 4727/142/197 4728/13/197
f 4729/144/189 4730/142/189 4731/13/189
f 4732/143/194 4733/140/194 4734/139/194
f 4735/143/190 4736/140/190 4737/139/190
f 4738/144/190 4739/142/190 4740/13/190
f 4741/144/194 4742/142/194 4743/13/194
f 4744/143/190 4745/140/190 4746/139/190
f 4747/143/190 4748/140/190 4749/139/190
f 4750/144/194 4751/142/194 4752/13/194
f 4753/143/189 4754/140/189 4755/139/189
f 4756/144/197 4757/142/197 4758/13/197
f 4759/144/194 4760/142/194 4761/13/194
f 4762/144/189 4763/142/189 4764/13/189
f 4765/143/189 4766/140/189 4767/139/189
f 4768/144/190 4769/142/190 4770/13/190
f 4771/143/189 4772/140/189 4773/139/189
f 4774/144/190 4775/142/190 4776/13/190
f 4777/143/190 4778/140/190 4779/139/190
f 4780/144/190 4781/142/190 4782/13/190
f 4783/144/197 4784/142/197 4785/13/197
f 4786/143/197 4787/140/197 4788/139/197
f 4789/144/189 4790/142/189 4791/13/189
f 4792/143/190 4793/140/190 4794/139/190
f 4795/143/190 4796/140/190 4797/139/190
f 4798/144/197 4799/142/197 4800/13/197
f 4801/144/197 4802/142/197 4803/13/197
f 4804/143/189 4805/140/189 4806/139/189
f 4807/143/189 4808/140/189 4809/139/189
f 4810/143/189 4811/140/189 4812/139/189
s 1
f 4813/145/18 4814/146/18 4815/147/18
f 4816/145/1 4817/146/1 4818/147/1
f 4819/148/1 4820/149/1 4821/150/1
f 4822/146/20 4823/145/20 4824/151/20
f 4825/152/26 4826/148/26 4827/149/26
f 4828/148/1 4829/152/1 4830/153/1
f 4831/152/26 4832/148/26 4833/149/26
f 4834/148/1 4835/154/1 4836/155/1
f 4837/152/1 4838/148/1 4839/149/1
f 4840/152/1 4841/148/1 4842/149/1
f 4843/154/20 4844/156/20 4845/155/20
f 4846/157/26 4847/154/26 4848/156/26
f 4849/148/1 4850/150/1 4851/149/1
f 4852/154/20 4853/155/20 4854/156/20
f 4855/157/26 4856/154/26 4857/156/26
f 4858/148/20 4859/149/20 4860/150/20
f 4861/145/26 4862/146/26 4863/147/26
f 4864/157/1 4865/154/1 4866/156/1
s 0
f 4867/157/198 4868/154/198 4869/156/198
s 1
f 4870/154/1 4871/148/1 4872/150/1
f 4873/154/1 4874/148/1 4875/150/1
f 4876/157/1 4877/154/1 4878/156/1
f 4879/145/26 4880/146/26 4881/147/26
f 4882/152/1 4883/148/1 4884/149/1
s 0
f 4885/154/198 4886/148/198 4887/150/198
s 1
f 4888/146/1 4889/145/1 4890/151/1
f 4891/154/26 4892/157/26 4893/158/26
f 4894/146/1 4895/145/1 4896/151/1
f 4897/154/1 4898/157/1 4899/158/1
f 4900/152/26 4901/148/26 4902/149/26
f 4903/148/26 4904/152/26 4905/153/26
f 4906/148/26 4907/152/26 4908/153/26
f 4909/148/19 4910/150/19 4911/149/19
f 4912/145/18 4913/146/18 4914/147/18
f 4915/145/26 4916/146/26 4917/147/26
f 4918/148/20 4919/154/20 4920/155/20
f 4921/148/20 4922/149/20 4923/150/20
f 4924/154/20 4925/156/20 4926/155/20
f 4927/154/1 4928/156/1 4929/155/1
f 4930/154/1 4931/156/1 4932/155/1
f 4933/145/26 4934/146/26 4935/147/26
f 4936/154/1 4937/155/1 4938/156/1
f 4939/154/1 4940/155/1 4941/156/1
f 4942/154/1 4943/155/1 4944/156/1
f 4945/154/20 4946/155/20 4947/156/20
f 4948/148/20 4949/149/20 4950/150/20
f 4951/154/26 4952/148/26 4953/150/26
f 4954/148/1 4955/149/1 4956/150/1
f 4957/148/1 4958/150/1 4959/149/1
f 4960/148/20 4961/150/20 4962/149/20
f 4963/146/1 4964/145/1 4965/151/1
f 4966/154/20 4967/156/20 4968/155/20
f 4969/148/1 4970/152/1 4971/153/1
f 4972/146/20 4973/145/20 4974/151/20
f 4975/154/26 4976/157/26 4977/158/26
f 4978/148/20 4979/154/20 4980/155/20
f 4981/148/26 4982/152/26 4983/153/26
f 4984/157/26 4985/154/26 4986/156/26
f 4987/148/18 4988/152/18 4989/153/18
f 4990/148/20 4991/154/20 4992/155/20
f 4993/154/26 4994/157/26 4995/158/26
f 4996/148/20 4997/149/20 4998/150/20
f 4999/154/26 5000/148/26 5001/150/26
f 5002/154/1 5003/157/1 5004/158/1
f 5005/148/26 5006/152/26 5007/153/26
f 5008/152/1 5009/148/1 5010/149/1
f 5011/154/26 5012/157/26 5013/158/26
f 5014/154/1 5015/157/1 5016/158/1
f 5017/148/1 5018/154/1 5019/155/1
f 5020/154/20 5021/155/20 5022/156/20
f 5023/148/20 5024/154/20 5025/155/20
f 5026/148/1 5027/154/1 5028/155/1
f 5029/154/18 5030/157/18 5031/158/18
f 5032/148/1 5033/154/1 5034/155/1
f 5035/148/20 5036/150/20 5037/149/20
f 5038/154/1 5039/155/1 5040/156/1
f 5041/148/18 5042/149/18 5043/150/18
f 5044/154/20 5045/155/20 5046/156/20
f 5047/154/20 5048/156/20 5049/155/20
f 5050/154/1 5051/156/1 5052/155/1
f 5053/152/26 5054/148/26 5055/149/26
f 5056/148/20 5057/150/20 5058/149/20
f 5059/148/1 5060/149/1 5061/150/1
f 5062/157/1 5063/154/1 5064/156/1
f 5065/154/26 5066/148/26 5067/150/26
f 5068/157/19 5069/154/19 5070/156/19
f 5071/148/1 5072/152/1 5073/153/1
f 5074/154/1 5075/148/1 5076/150/1
f 5077/148/1 5078/150/1 5079/149/1
f 5080/146/20 5081/145/20 5082/151/20
f 5083/148/1 5084/150/1 5085/149/1
f 5086/146/17 5087/145/17 5088/151/17
f 5089/146/121 5090/145/121 5091/151/121
f 5092/154/19 5093/148/19 5094/150/19
f 5095/154/1 5096/156/1 5097/155/1
f 5098/145/1 5099/146/1 5100/147/1
f 5101/142/199 5102/143/199 5103/141/199
f 5104/142/200 5105/143/122 5106/141/200
s 0
f 5107/142/124 5108/143/124 5109/141/124
f 5110/140/122 5111/144/122 5112/12/122
f 5113/140/124 5114/144/124 5115/12/124
f 5116/140/201 5117/144/201 5118/12/201
s 1
f 5119/142/199 5120/143/199 5121/141/199
s 0
f 5122/142/202 5123/143/124 5124/141/124
s 1
f 5125/142/199 5126/143/199 5127/141/199
s 0
f 5128/140/124 5129/144/124 5130/12/124
f 5131/140/183 5132/144/124 5133/12/124
f 5134/140/124 5135/144/124 5136/12/124
s 1
f 5137/142/200 5138/143/122 5139/141/200
f 5140/140/200 5141/144/122 5142/12/122
s 0
f 5143/142/202 5144/143/124 5145/141/124
s 1
f 5146/140/200 5147/144/122 5148/12/122
f 5149/140/200 5150/144/122 5151/12/122
s 0
f 5152/140/203 5153/144/203 5154/12/203
f 5155/140/203 5156/144/203 5157/12/203
f 5158/142/203 5159/143/122 5160/141/122
f 5161/142/202 5162/143/124 5163/141/124
f 5164/142/203 5165/143/122 5166/141/122
f 5167/140/199 5168/144/199 5169/12/199
f 5170/140/201 5171/144/201 5172/12/201
f 5173/142/203 5174/143/203 5175/141/203
f 5176/140/199 5177/144/199 5178/12/199
f 5179/140/203 5180/144/203 5181/12/203
f 5182/142/203 5183/143/122 5184/141/122
f 5185/142/203 5186/143/122 5187/141/122
f 5188/140/203 5189/144/203 5190/12/203
f 5191/142/202 5192/143/124 5193/141/124
s 1
f 5194/142/124 5195/143/199 5196/141/199
s 0
f 5197/142/202 5198/143/124 5199/141/124
f 5200/140/124 5201/144/124 5202/12/124
f 5203/142/203 5204/143/122 5205/141/122
f 5206/142/203 5207/143/203 5208/141/203
f 5209/140/201 5210/144/201 5211/12/201
f 5212/140/122 5213/144/122 5214/12/122
f 5215/142/203 5216/143/122 5217/141/122
f 5218/140/203 5219/144/203 5220/12/203
s 1
f 5221/147/20 5222/151/20 5223/145/20
f 5224/151/26 5225/147/26 5226/146/26
f 5227/151/18 5228/147/18 5229/146/18
f 5230/147/20 5231/151/20 5232/145/20
f 5233/147/20 5234/151/20 5235/145/20
f 5236/147/21 5237/151/21 5238/145/21
f 5239/151/1 5240/147/1 5241/146/1
f 5242/151/26 5243/147/26 5244/146/26
f 5245/151/1 5246/147/1 5247/146/1
f 5248/147/21 5249/151/21 5250/145/21
f 5251/151/26 5252/147/26 5253/146/26
f 5254/147/21 5255/151/21 5256/145/21
f 5257/147/21 5258/151/21 5259/145/21
f 5260/151/26 5261/147/26 5262/146/26
f 5263/151/1 5264/147/1 5265/146/1
f 5266/147/20 5267/151/20 5268/145/20
f 5269/154/26 5270/158/26 5271/156/26
f 5272/148/26 5273/153/26 5274/149/26
f 5275/154/26 5276/150/26 5277/155/26
f 5278/148/20 5279/155/20 5280/150/20
f 5281/148/1 5282/155/1 5283/150/1
f 5284/148/20 5285/155/20 5286/150/20
f 5287/148/1 5288/155/1 5289/150/1
f 5290/148/1 5291/155/1 5292/150/1
f 5293/154/26 5294/158/26 5295/156/26
f 5296/148/26 5297/153/26 5298/149/26
f 5299/154/26 5300/150/26 5301/155/26
f 5302/148/20 5303/155/20 5304/150/20
f 5305/148/1 5306/153/1 5307/149/1
f 5308/154/1 5309/158/1 5310/156/1
f 5311/148/1 5312/153/1 5313/149/1
f 5314/154/26 5315/158/26 5316/156/26
f 5317/148/1 5318/155/1 5319/150/1
f 5320/154/1 5321/158/1 5322/156/1
f 5323/148/20 5324/155/20 5325/150/20
f 5326/154/26 5327/158/26 5328/156/26
f 5329/148/1 5330/153/1 5331/149/1
f 5332/154/1 5333/150/1 5334/155/1
f 5335/154/1 5336/158/1 5337/156/1
f 5338/154/26 5339/150/26 5340/155/26
f 5341/154/26 5342/150/26 5343/155/26
f 5344/154/1 5345/158/1 5346/156/1
s 0
f 5347/154/204 5348/150/204 5349/155/204
s 1
f 5350/148/26 5351/153/26 5352/149/26
f 5353/154/1 5354/150/1 5355/155/1
f 5356/154/1 5357/150/1 5358/155/1
f 5359/148/26 5360/153/26 5361/149/26
f 5362/148/1 5363/153/1 5364/149/1
f 5365/152/26 5366/149/26 5367/153/26
f 5368/157/26 5369/156/26 5370/158/26
f 5371/152/1 5372/149/1 5373/153/1
f 5374/157/26 5375/156/26 5376/158/26
f 5377/152/26 5378/149/26 5379/153/26
f 5380/157/26 5381/156/26 5382/158/26
f 5383/157/26 5384/156/26 5385/158/26
f 5386/152/26 5387/149/26 5388/153/26
f 5389/152/1 5390/149/1 5391/153/1
f 5392/152/1 5393/149/1 5394/153/1
s 0
f 5395/157/204 5396/156/204 5397/158/204
s 1
f 5398/157/1 5399/156/1 5400/158/1
f 5401/152/26 5402/149/26 5403/153/26
f 5404/157/1 5405/156/1 5406/158/1
f 5407/152/1 5408/149/1 5409/153/1
f 5410/157/1 5411/156/1 5412/158/1
s 0
f 5413/159/4 5414/160/4 5415/161/4
f 5416/162/4 5417/159/4 5418/163/4
f 5419/162/77 5420/159/77 5421/163/77
f 5422/164/81 5423/165/81 5424/166/81
f 5425/161/77 5426/163/77 5427/159/77
f 5428/167/77 5429/168/77 5430/169/77
f 5431/169/77 5432/162/77 5433/167/77
f 5434/167/77 5435/168/77 5436/169/77
f 5437/163/77 5438/167/77 5439/162/77
f 5440/162/4 5441/159/4 5442/163/4
f 5443/166/81 5444/170/81 5445/164/81
f 5426/163/77 5446/167/77 5447/162/77
f 5448/167/4 5449/168/4 5450/169/4
f 5451/166/80 5452/170/80 5453/164/80
f 5454/169/77 5455/162/77 5456/167/77
f 5457/164/81 5458/165/81 5459/166/81
f 5460/159/77 5461/160/77 5462/161/77
f 5462/161/77 5463/163/77 5460/159/77
f 5464/166/80 5465/170/80 5466/164/80
f 5430/169/77 5467/162/77 5428/167/77
f 5468/166/81 5469/170/81 5470/164/81
f 5471/167/4 5472/168/4 5473/169/4
f 5474/166/80 5475/170/80 5476/164/80
f 5477/166/81 5478/170/81 5479/164/81
f 5480/169/77 5419/162/77 5481/167/77
f 5482/164/81 5483/165/81 5484/166/81
f 5415/161/4 5485/163/4 5413/159/4
f 5470/164/81 5486/165/81 5468/166/81
f 5445/164/81 5487/165/81 5443/166/81
f 5488/164/80 5489/165/80 5490/166/80
f 5491/161/4 5418/163/4 5417/159/4
f 5466/164/80 5492/165/80 5464/166/80
f 5453/164/80 5493/165/80 5451/166/80
f 5494/164/81 5495/165/81 5496/166/81
f 5497/166/81 5498/170/81 5499/164/81
f 5500/167/4 5501/168/4 5502/169/4
f 5503/169/4 5504/162/4 5505/167/4
f 5506/161/77 5507/163/77 5508/159/77
f 5436/169/77 5509/162/77 5434/167/77
f 5510/167/77 5511/168/77 5512/169/77
f 5505/167/4 5513/168/4 5503/169/4
f 5514/167/77 5515/168/77 5516/169/77
f 5509/162/77 5517/159/77 5518/163/77
f 5439/162/77 5519/159/77 5437/163/77
f 5517/159/77 5520/160/77 5521/161/77
f 5522/162/4 5523/159/4 5524/163/4
f 5525/163/77 5526/167/77 5527/162/77
f 5528/162/4 5529/159/4 5530/163/4
f 5523/159/4 5531/160/4 5532/161/4
f 5459/166/81 5533/170/81 5457/164/81
f 5534/159/77 5535/160/77 5536/161/77
f 5537/164/80 5538/165/80 5539/166/80
f 5540/164/80 5541/165/80 5542/166/80
f 5543/159/4 5544/160/4 5545/161/4
f 5499/164/81 5546/165/81 5497/166/81
f 5547/163/4 5505/167/4 5504/162/4
f 5508/159/77 5548/160/77 5506/161/77
f 5476/164/80 5549/165/80 5474/166/80
f 5542/166/80 5550/170/80 5540/164/80
f 5519/159/77 5551/160/77 5552/161/77
f 5417/159/4 5553/160/4 5491/161/4
f 5485/163/4 5448/167/4 5554/162/4
f 5484/166/81 5555/170/81 5482/164/81
f 5556/159/77 5557/160/77 5558/161/77
f 5559/169/77 5447/162/77 5446/167/77
f 5447/162/77 5427/159/77 5426/163/77
f 5432/162/77 5460/159/77 5463/163/77
f 5442/163/4 5560/167/4 5440/162/4
f 5561/163/77 5456/167/77 5455/162/77
f 5558/161/77 5562/163/77 5556/159/77
f 5512/169/77 5563/162/77 5510/167/77
f 5521/161/77 5518/163/77 5517/159/77
f 5450/169/4 5554/162/4 5448/167/4
f 5564/161/4 5530/163/4 5529/159/4
f 5563/162/77 5508/159/77 5507/163/77
f 5532/161/4 5524/163/4 5523/159/4
f 5455/162/77 5534/159/77 5561/163/77
f 5418/163/4 5565/167/4 5416/162/4
f 5566/161/4 5547/163/4 5567/159/4
f 5490/166/80 5568/170/80 5488/164/80
f 5456/167/77 5569/168/77 5454/169/77
f 5518/163/77 5434/167/77 5509/162/77
f 5504/162/4 5567/159/4 5547/163/4
f 5570/167/4 5571/168/4 5572/169/4
f 5441/159/4 5573/160/4 5574/161/4
f 5575/162/4 5543/159/4 5576/163/4
f 5577/169/4 5440/162/4 5560/167/4
f 5572/169/4 5522/162/4 5570/167/4
f 5507/163/77 5510/167/77 5563/162/77
f 5424/166/81 5578/170/81 5422/164/81
f 5567/159/4 5579/160/4 5566/161/4
f 5554/162/4 5413/159/4 5485/163/4
f 5481/167/77 5580/168/77 5480/169/77
f 5524/163/4 5570/167/4 5522/162/4
f 5574/161/4 5442/163/4 5441/159/4
f 5581/162/4 5582/159/4 5583/163/4
f 5479/164/81 5584/165/81 5477/166/81
f 5496/166/81 5585/170/81 5494/164/81
f 5536/161/77 5561/163/77 5534/159/77
f 5420/159/77 5586/160/77 5587/161/77
f 5588/169/4 5416/162/4 5565/167/4
f 5502/169/4 5575/162/4 5500/167/4
f 5589/169/77 5439/162/77 5438/167/77
f 5427/159/77 5590/160/77 5425/161/77
f 5582/159/4 5591/160/4 5592/161/4
f 5421/163/77 5481/167/77 5419/162/77
f 5593/166/80 5594/170/80 5595/164/80
f 5545/161/4 5576/163/4 5543/159/4
f 5565/167/4 5596/168/4 5588/169/4
f 5539/166/80 5597/170/80 5537/164/80
f 5598/166/80 5599/170/80 5600/164/80
f 5433/167/77 5601/168/77 5431/169/77
f 5473/169/4 5528/162/4 5471/167/4
f 5602/169/4 5581/162/4 5603/167/4
f 5587/161/77 5421/163/77 5420/159/77
f 5576/163/4 5500/167/4 5575/162/4
f 5529/159/4 5604/160/4 5564/161/4
f 5467/162/77 5556/159/77 5562/163/77
f 5595/164/80 5605/165/80 5593/166/80
f 5592/161/4 5583/163/4 5582/159/4
f 5562/163/77 5428/167/77 5467/162/77
f 5583/163/4 5603/167/4 5581/162/4
f 5560/167/4 5606/168/4 5577/169/4
s 1
f 5607/1/1 5608/24/1 5609/116/1
s 0
f 5446/167/77 5610/168/77 5559/169/77
f 5552/161/77 5437/163/77 5519/159/77
f 5600/164/80 5611/165/80 5598/166/80
f 5530/163/4 5471/167/4 5528/162/4
f 5603/167/4 5612/168/4 5602/169/4
s 1
f 5613/24/17 5614/116/17 5615/9/17
f 5616/9/1 5617/116/1 5618/24/1
f 5619/9/20 5620/116/20 5621/24/20
f 5622/116/1 5623/9/1 5624/40/1
s 0
f 5625/134/81 5626/135/81 5627/136/81
f 5628/136/80 5629/133/80 5630/134/80
f 5631/136/81 5632/133/81 5633/134/81
f 5634/171/4 5635/172/4 5636/173/4
f 5637/172/77 5638/171/77 5639/174/77
f 5640/136/80 5641/133/80 5642/134/80
f 5642/134/80 5643/135/80 5640/136/80
f 5644/175/77 5645/176/77 5646/177/77
f 5647/176/4 5648/175/4 5649/178/4
f 5630/134/80 5650/135/80 5628/136/80
f 5627/136/81 5651/133/81 5625/134/81
f 5652/134/80 5653/135/80 5654/136/80
f 5655/171/4 5656/172/4 5657/173/4
f 5658/176/4 5659/175/4 5660/178/4
f 5661/134/80 5662/135/80 5663/136/80
f 5664/179/4 5665/180/4 5666/181/4
f 5667/182/81 5668/183/81 5669/184/81
f 5670/136/81 5671/133/81 5672/134/81
f 5673/182/81 5674/183/81 5675/184/81
f 5676/136/80 5677/133/80 5678/134/80
f 5679/185/80 5680/184/80 5681/183/80
f 5682/182/80 5683/183/80 5684/184/80
f 5685/182/80 5686/183/80 5687/184/80
f 5688/185/81 5689/184/81 5690/183/81
f 5691/136/81 5692/133/81 5693/134/81
f 5694/186/77 5695/181/77 5696/187/77
f 5697/178/4 5698/188/4 5699/176/4
f 5700/134/81 5701/135/81 5702/136/81
f 5703/171/4 5704/172/4 5705/173/4
f 5669/184/81 5706/185/81 5667/182/81
f 5707/184/81 5708/185/81 5709/182/81
f 5710/134/80 5711/135/80 5712/136/80
f 5713/187/77 5714/189/77 5715/186/77
f 5693/134/81 5716/135/81 5691/136/81
f 5717/187/77 5718/189/77 5719/186/77
f 5720/187/77 5721/189/77 5722/186/77
f 5723/175/77 5724/176/77 5725/177/77
f 5726/181/4 5727/186/4 5728/179/4
f 5719/186/77 5729/181/77 5717/187/77
f 5730/179/4 5731/180/4 5732/181/4
f 5732/181/4 5733/186/4 5730/179/4
f 5734/178/4 5735/188/4 5736/176/4
f 5737/179/4 5738/180/4 5739/181/4
f 5740/181/4 5741/186/4 5742/179/4
f 5743/187/77 5744/189/77 5745/186/77
f 5666/181/4 5746/186/4 5664/179/4
f 5747/179/4 5748/180/4 5749/181/4
f 5750/136/80 5751/133/80 5752/134/80
f 5654/136/80 5753/133/80 5652/134/80
f 5678/134/80 5754/135/80 5676/136/80
f 5755/134/80 5756/135/80 5757/136/80
f 5739/181/4 5758/186/4 5737/179/4
f 5752/134/80 5759/135/80 5750/136/80
f 5760/182/81 5761/183/81 5762/184/81
f 5763/173/4 5764/174/4 5765/171/4
f 5766/136/80 5767/133/80 5768/134/80
f 5769/136/81 5770/133/81 5771/134/81
f 5772/184/80 5773/185/80 5774/182/80
f 5775/177/77 5776/178/77 5777/175/77
f 5778/181/4 5779/186/4 5780/179/4
f 5781/134/81 5782/135/81 5783/136/81
f 5784/134/81 5785/135/81 5786/136/81
f 5787/183/81 5788/182/81 5789/185/81
f 5790/175/77 5791/176/77 5792/177/77
f 5793/174/77 5794/173/77 5795/172/77
f 5757/136/80 5796/133/80 5755/134/80
f 5777/175/77 5797/176/77 5775/177/77
f 5798/134/81 5799/135/81 5800/136/81
f 5801/171/4 5802/172/4 5803/173/4
f 5780/179/4 5804/180/4 5778/181/4
f 5805/183/80 5806/182/80 5807/185/80
f 5808/183/80 5809/182/80 5810/185/80
f 5663/136/80 5811/133/80 5661/134/80
f 5646/177/77 5812/178/77 5644/175/77
f 5657/173/4 5813/174/4 5655/171/4
f 5814/171/4 5815/172/4 5816/173/4
f 5789/185/81 5817/184/81 5787/183/81
f 5818/171/4 5819/172/4 5820/173/4
f 5821/173/4 5822/174/4 5823/171/4
f 5745/186/77 5824/181/77 5743/187/77
f 5722/186/77 5825/181/77 5720/187/77
f 5687/184/80 5826/185/80 5685/182/80
f 5827/134/80 5828/135/80 5829/136/80
f 5830/134/80 5831/135/80 5832/136/80
f 5833/174/77 5834/173/77 5835/172/77
f 5836/181/4 5837/186/4 5838/179/4
f 5800/136/81 5839/133/81 5798/134/81
f 5840/136/81 5841/133/81 5842/134/81
f 5699/176/4 5843/175/4 5697/178/4
f 5795/172/77 5844/171/77 5793/174/77
f 5660/178/4 5845/188/4 5658/176/4
f 5846/136/81 5847/133/81 5848/134/81
f 5807/185/80 5849/184/80 5805/183/80
f 5850/177/77 5851/178/77 5852/175/77
f 5853/187/77 5854/189/77 5855/186/77
f 5749/181/4 5856/186/4 5747/179/4
f 5725/177/77 5857/178/77 5723/175/77
f 5709/182/81 5858/183/81 5707/184/81
f 5859/176/4 5860/175/4 5861/178/4
f 5861/178/4 5862/188/4 5859/176/4
f 5675/184/81 5863/185/81 5673/182/81
f 5762/184/81 5864/185/81 5760/182/81
f 5705/173/4 5865/174/4 5703/171/4
f 5866/134/80 5867/135/80 5868/136/80
f 5816/173/4 5869/174/4 5814/171/4
f 5870/136/80 5871/133/80 5872/134/80
f 5873/177/77 5874/178/77 5875/175/77
f 5876/172/77 5877/171/77 5878/174/77
f 5838/179/4 5879/180/4 5836/181/4
f 5633/134/81 5880/135/81 5631/136/81
f 5715/186/77 5881/181/77 5713/187/77
f 5823/171/4 5882/172/4 5821/173/4
f 5883/172/77 5884/171/77 5885/174/77
f 5886/134/80 5887/135/80 5888/136/80
f 5889/178/4 5890/188/4 5891/176/4
f 5835/172/77 5892/171/77 5833/174/77
f 5885/174/77 5893/173/77 5883/172/77
f 5894/173/4 5895/174/4 5896/171/4
f 5702/136/81 5897/133/81 5700/134/81
f 5848/134/81 5898/135/81 5846/136/81
f 5899/184/80 5900/185/80 5901/182/80
f 5810/185/80 5902/184/80 5808/183/80
f 5903/185/81 5904/184/81 5905/183/81
f 5842/134/81 5906/135/81 5840/136/81
f 5907/178/4 5908/188/4 5909/176/4
f 5868/136/80 5910/133/80 5866/134/80
f 5911/187/77 5912/189/77 5913/186/77
f 5914/185/80 5915/184/80 5916/183/80
f 5696/187/77 5917/189/77 5694/186/77
f 5918/186/77 5919/181/77 5920/187/77
f 5774/182/80 5921/183/80 5772/184/80
f 5922/176/4 5923/175/4 5924/178/4
f 5905/183/81 5925/182/81 5903/185/81
f 5926/177/77 5927/178/77 5928/175/77
f 5929/136/81 5930/133/81 5931/134/81
f 5932/134/81 5933/135/81 5934/136/81
f 5935/174/77 5936/173/77 5937/172/77
f 5938/134/80 5939/135/80 5940/136/80
f 5684/184/80 5941/185/80 5682/182/80
f 5916/183/80 5942/182/80 5914/185/80
f 5943/134/81 5944/135/81 5945/136/81
f 5946/136/81 5947/133/81 5948/134/81
f 5949/175/77 5950/176/77 5951/177/77
f 5952/178/4 5953/188/4 5954/176/4
f 5636/173/4 5955/174/4 5634/171/4
f 5875/175/77 5956/176/77 5873/177/77
f 5957/174/77 5958/173/77 5959/172/77
f 5909/176/4 5960/175/4 5907/178/4
f 5920/187/77 5961/189/77 5918/186/77
f 5948/134/81 5962/135/81 5946/136/81
f 5963/134/81 5964/135/81 5965/136/81
f 5672/134/81 5966/135/81 5670/136/81
f 5954/176/4 5967/175/4 5952/178/4
f 5829/136/80 5968/133/80 5827/134/80
f 5712/136/80 5969/133/80 5710/134/80
f 5970/174/77 5971/173/77 5972/172/77
f 5855/186/77 5973/181/77 5853/187/77
f 5974/183/81 5975/182/81 5976/185/81
f 5872/134/80 5977/135/80 5870/136/80
f 5783/136/81 5978/133/81 5781/134/81
f 5786/136/81 5979/133/81 5784/134/81
f 5792/177/77 5980/178/77 5790/175/77
f 5901/182/80 5981/183/80 5899/184/80
f 5928/175/77 5982/176/77 5926/177/77
f 5771/134/81 5983/135/81 5769/136/81
f 5934/136/81 5984/133/81 5932/134/81
f 5736/176/4 5985/175/4 5734/178/4
f 5945/136/81 5986/133/81 5943/134/81
f 5728/179/4 5987/180/4 5726/181/4
f 5742/179/4 5988/180/4 5740/181/4
f 5803/173/4 5989/174/4 5801/171/4
f 5765/171/4 5990/172/4 5763/173/4
f 5681/183/80 5991/182/80 5679/185/80
f 5959/172/77 5992/171/77 5957/174/77
f 5852/175/77 5993/176/77 5850/177/77
f 5940/136/80 5994/133/80 5938/134/80
f 5931/134/81 5995/135/81 5929/136/81
f 5649/178/4 5996/188/4 5647/176/4
f 5913/186/77 5997/181/77 5911/187/77
f 5768/134/80 5998/135/80 5766/136/80
f 5937/172/77 5999/171/77 5935/174/77
f 5965/136/81 6000/133/81 5963/134/81
f 5951/177/77 6001/178/77 5949/175/77
f 5832/136/80 6002/133/80 5830/134/80
f 5972/172/77 6003/171/77 5970/174/77
f 5878/174/77 6004/173/77 5876/172/77
f 5639/174/77 6005/173/77 5637/172/77
f 5690/183/81 6006/182/81 5688/185/81
f 5976/185/81 6007/184/81 5974/183/81
f 5888/136/80 6008/133/80 5886/134/80
f 6009/134/80 6010/135/80 6011/136/80
f 6011/136/80 6012/133/80 6009/134/80
o VolumeLight01_HangarAddMaterial_0
v 16.517662 0.207113 67.228157
v 16.517662 0.207116 76.371681
v -25.991852 7.295962 76.499901
v -25.991852 7.295959 67.099937
vn -0.1645 -0.9864 -0.0000
vt 0.603821 0.975037
vt 0.603821 0.026306
vt 0.009521 0.024414
vt 0.009521 0.976013
s 0
usemtl HangarAddMaterial
f 6013/190/205 6014/191/205 6015/192/205
f 6015/192/205 6016/193/205 6013/190/205
o VolumeLight02_HangarAddMaterial_0
v 16.517654 0.207111 57.228153
v 16.517654 0.207114 66.371681
v -25.991859 7.295960 66.499901
v -25.991859 7.295957 57.099934
vn -0.1645 -0.9864 -0.0000
vt 0.603821 0.975037
vt 0.603821 0.026306
vt 0.009521 0.024414
vt 0.009521 0.976013
s 0
usemtl HangarAddMaterial
f 6017/194/206 6018/195/206 6019/196/206
f 6019/196/206 6020/197/206 6017/194/206
o VolumeLight03_HangarAddMaterial_0
v 16.517654 0.207109 47.228172
v 16.517654 0.207112 56.371708
v -25.991859 7.295958 56.499924
v -25.991859 7.295955 47.099953
vn -0.1645 -0.9864 -0.0000
vt 0.603821 0.975037
vt 0.603821 0.026306
vt 0.009521 0.024414
vt 0.009521 0.976013
s 0
usemtl HangarAddMaterial
f 6021/198/207 6022/199/207 6023/200/207
f 6023/200/207 6024/201/207 6021/198/207
o VolumeLight04_HangarAddMaterial_0
v 16.517647 0.207107 37.228188
v 16.517647 0.207110 46.371719
v -25.991867 7.295956 46.499935
v -25.991867 7.295953 37.099968
vn -0.1645 -0.9864 -0.0000
vt 0.603821 0.975037
vt 0.603821 0.026306
vt 0.009521 0.024414
vt 0.009521 0.976013
s 0
usemtl HangarAddMaterial
f 6025/202/208 6026/203/208 6027/204/208
f 6027/204/208 6028/205/208 6025/202/208
o VolumeLight05_HangarAddMaterial_0
v 16.517654 0.207105 27.228188
v 16.517654 0.207108 36.371719
v -25.991859 7.295954 36.499935
v -25.991859 7.295951 27.099968
vn -0.1645 -0.9864 -0.0000
vt 0.603821 0.975037
vt 0.603821 0.026306
vt 0.009521 0.024414
vt 0.009521 0.976013
s 0
usemtl HangarAddMaterial
f 6029/206/209 6030/207/209 6031/208/209
f 6031/208/209 6032/209/209 6029/206/209
o VolumeLight06_HangarAddMaterial_0
v 16.517639 0.207103 15.428198
v 16.517639 0.207105 24.571732
v -25.991875 7.295951 24.699947
v -25.991875 7.295949 15.299978
vn -0.1645 -0.9864 -0.0000
vt 0.603821 0.975037
vt 0.603821 0.026306
vt 0.009521 0.024414
vt 0.009521 0.976013
s 0
usemtl HangarAddMaterial
f 6033/210/210 6034/211/210 6035/212/210
f 6035/212/210 6036/213/210 6033/210/210
o VolumeLight07_HangarAddMaterial_0
v 16.517639 0.207101 5.428196
v 16.517639 0.207103 14.571730
v -25.991875 7.295949 14.699945
v -25.991875 7.295947 5.299976
vn -0.1645 -0.9864 -0.0000
vt 0.603821 0.975037
vt 0.603821 0.026306
vt 0.009521 0.024414
vt 0.009521 0.976013
s 0
usemtl HangarAddMaterial
f 6037/214/211 6038/215/211 6039/216/211
f 6039/216/211 6040/217/211 6037/214/211
o VolumeLight08_HangarAddMaterial_0
v 16.517632 0.207099 -4.571782
v 16.517632 0.207101 4.571752
v -25.991882 7.295948 4.699967
v -25.991882 7.295945 -4.700002
vn -0.1645 -0.9864 -0.0000
vt 0.603821 0.975037
vt 0.603821 0.026306
vt 0.009521 0.024414
vt 0.009521 0.976013
s 0
usemtl HangarAddMaterial
f 6041/218/212 6042/219/212 6043/220/212
f 6043/220/212 6044/221/212 6041/218/212
o VolumeLight09_HangarAddMaterial_0
v 16.517616 0.207097 -14.571768
v 16.517616 0.207099 -5.428235
v -25.991898 7.295946 -5.300019
v -25.991898 7.295943 -14.699987
vn -0.1645 -0.9864 -0.0000
vt 0.603821 0.975037
vt 0.603821 0.026306
vt 0.009521 0.024414
vt 0.009521 0.976013
s 0
usemtl HangarAddMaterial
f 6045/222/213 6046/223/213 6047/224/213
f 6047/224/213 6048/225/213 6045/222/213
o VolumeLight10_HangarAddMaterial_0
v 16.517624 0.207095 -24.571777
v 16.517624 0.207097 -15.428244
v -25.991890 7.295943 -15.300028
v -25.991890 7.295940 -24.699997
vn -0.1645 -0.9864 -0.0000
vt 0.603821 0.975037
vt 0.603821 0.026306
vt 0.009521 0.024414
vt 0.009521 0.976013
s 0
usemtl HangarAddMaterial
f 6049/226/214 6050/227/214 6051/228/214
f 6051/228/214 6052/229/214 6049/226/214
o WindowsLight01_HangarTransparentMaterial_0
v 33.854980 5.480723 24.957714
v 33.856697 7.674755 24.957714
v 33.856697 7.674752 14.957707
v 33.854980 5.480624 14.957707
v 33.854980 5.480624 14.957707
v 33.856697 7.674752 14.957707
v 33.856697 7.674748 4.957700
v 33.854980 5.480621 4.957701
v 33.854980 5.480621 4.957701
v 33.856697 7.674748 4.957700
v 33.856602 7.674746 -5.042210
v 33.854980 5.480618 -5.042209
v 33.854980 5.480618 -5.042209
v 33.856602 7.674746 -5.042210
v 33.856697 7.674742 -15.042215
v 33.856697 7.674739 -25.042225
v 33.854980 5.480612 -25.042225
v 33.854980 5.480615 -15.042215
v 33.854980 5.480615 -15.042215
v 33.856697 7.674742 -15.042215
vn -1.0000 0.0008 -0.0000
vn -1.0000 0.0007 -0.0000
vt 0.932739 0.956543
vt 0.932739 0.770203
vt 0.680786 0.770203
vt 0.680786 0.956543
vt 0.680786 0.770813
vt 0.680786 0.956848
vt 0.932861 0.956848
vt 0.932861 0.770813
s 0
usemtl HangarTransparentMaterial
f 6053/230/215 6054/231/215 6055/232/215
f 6055/232/215 6056/233/215 6053/230/215
f 6057/230/215 6058/231/215 6059/232/215
f 6059/232/215 6060/233/215 6057/230/215
f 6061/230/215 6062/231/215 6063/232/215
f 6063/232/216 6064/233/216 6061/230/216
f 6065/230/216 6066/231/216 6067/232/216
f 6068/234/215 6069/235/215 6070/236/215
f 6067/232/215 6071/233/215 6065/230/215
f 6070/236/215 6072/237/215 6068/234/215
o WindowsLight02_HangarTransparentMaterial_0
v 33.854977 5.480736 76.816872
v 33.856693 7.674768 76.816872
v 33.856693 7.674765 66.816864
v 33.854977 5.480638 66.816864
v 33.854977 5.480638 66.816864
v 33.856693 7.674765 66.816864
v 33.856693 7.674762 56.816853
v 33.854977 5.480635 56.816856
v 33.854977 5.480635 56.816856
v 33.856693 7.674762 56.816853
v 33.856598 7.674759 46.816940
v 33.854977 5.480632 46.816944
v 33.854977 5.480632 46.816944
v 33.856598 7.674759 46.816940
v 33.856693 7.674756 36.816933
v 33.856693 7.674753 26.816931
v 33.854977 5.480626 26.816931
v 33.854977 5.480628 36.816936
v 33.854977 5.480628 36.816936
v 33.856693 7.674756 36.816933
vn -1.0000 0.0008 -0.0000
vn -1.0000 0.0007 -0.0000
vt 0.932739 0.956543
vt 0.932739 0.770203
vt 0.680786 0.770203
vt 0.680786 0.956543
vt 0.680786 0.770813
vt 0.680786 0.956848
vt 0.932861 0.956848
vt 0.932861 0.770813
s 0
usemtl HangarTransparentMaterial
f 6073/238/217 6074/239/217 6075/240/217
f 6075/240/217 6076/241/217 6073/238/217
f 6077/238/217 6078/239/217 6079/240/217
f 6079/240/217 6080/241/217 6077/238/217
f 6081/238/217 6082/239/217 6083/240/217
f 6083/240/218 6084/241/218 6081/238/218
f 6085/238/218 6086/239/218 6087/240/218
f 6088/242/217 6089/243/217 6090/244/217
f 6087/240/217 6091/241/217 6085/238/217
f 6090/244/217 6092/245/217 6088/242/217
o WindowsLight03_HangarTransparentMaterial_0
v -25.856949 5.480722 26.816916
v -25.858665 7.674755 26.816916
v -25.858665 7.674758 36.816921
v -25.856947 5.480630 36.816921
v -25.856947 5.480630 36.816921
v -25.858665 7.674758 36.816921
v -25.858664 7.674761 46.816925
v -25.856945 5.480634 46.816929
v -25.856945 5.480634 46.816929
v -25.858664 7.674761 46.816925
v -25.858566 7.674764 56.816837
v -25.856943 5.480637 56.816841
v -25.856943 5.480637 56.816841
v -25.858566 7.674764 56.816837
v -25.858660 7.674767 66.816849
v -25.858658 7.674770 76.816856
v -25.856941 5.480643 76.816849
v -25.856941 5.480639 66.816849
v -25.856941 5.480639 66.816849
v -25.858660 7.674767 66.816849
vn -1.0000 0.0007 -0.0000
vt 0.932739 0.956543
vt 0.932739 0.770203
vt 0.680786 0.770203
vt 0.680786 0.956543
vt 0.680786 0.770813
vt 0.680786 0.956848
vt 0.932861 0.956848
vt 0.932861 0.770813
s 1
usemtl HangarTransparentMaterial
f 6093/246/219 6094/247/219 6095/248/219
f 6095/248/219 6096/249/219 6093/246/219
f 6097/246/219 6098/247/219 6099/248/219
f 6099/248/219 6100/249/219 6097/246/219
f 6101/246/219 6102/247/219 6103/248/219
f 6103/248/219 6104/249/219 6101/246/219
f 6105/246/219 6106/247/219 6107/248/219
f 6108/250/219 6109/251/219 6110/252/219
f 6107/248/219 6111/249/219 6105/246/219
f 6110/252/219 6112/253/219 6108/250/219
o WindowsLight04_HangarTransparentMaterial_0
v -25.853695 5.480705 -25.042223
v -25.855412 7.674737 -25.042223
v -25.855412 7.674740 -15.042215
v -25.853693 5.480613 -15.042215
v -25.853693 5.480613 -15.042215
v -25.855412 7.674740 -15.042215
v -25.855410 7.674744 -5.042209
v -25.853691 5.480616 -5.042208
v -25.853691 5.480616 -5.042208
v -25.855410 7.674744 -5.042209
v -25.855312 7.674747 4.957701
v -25.853689 5.480619 4.957702
v -25.853689 5.480619 4.957702
v -25.855312 7.674747 4.957701
v -25.855406 7.674750 14.957708
v -25.855404 7.674753 24.957716
v -25.853687 5.480625 24.957716
v -25.853687 5.480622 14.957708
v -25.853687 5.480622 14.957708
v -25.855406 7.674750 14.957708
vn -1.0000 0.0007 -0.0000
vn -1.0000 0.0006 -0.0000
vt 0.932739 0.956543
vt 0.932739 0.770203
vt 0.680786 0.770203
vt 0.680786 0.956543
vt 0.680786 0.770813
vt 0.680786 0.956848
vt 0.932861 0.956848
vt 0.932861 0.770813
s 1
usemtl HangarTransparentMaterial
f 6113/254/220 6114/255/220 6115/256/220
f 6115/256/220 6116/257/221 6113/254/220
f 6117/254/220 6118/255/220 6119/256/220
f 6119/256/220 6120/257/220 6117/254/220
f 6121/254/220 6122/255/220 6123/256/220
f 6123/256/220 6124/257/220 6121/254/220
f 6125/254/220 6126/255/220 6127/256/220
f 6128/258/220 6129/259/220 6130/260/220
f 6127/256/220 6131/257/220 6125/254/220
f 6130/260/220 6132/261/220 6128/258/220
o WindowsLightLarge_HangarTransparentMaterial_0
v 19.137991 -1.671379 77.362061
v -11.222809 -1.671379 77.362061
v -11.222809 9.887344 77.362061
v 19.137991 9.887344 77.362061
v -14.303962 0.130692 76.886383
v -14.303962 -0.558177 76.886383
v -16.329414 -0.558177 76.886383
v 21.882885 -0.558177 76.886383
v 21.882885 0.130692 76.886383
v 24.016003 0.130692 76.886383
v -16.329414 0.130692 76.886383
v -16.329414 0.859925 76.886383
v -14.303962 0.859925 76.886383
v 24.016003 0.859925 76.886383
v 24.016003 0.130692 76.886383
v 21.882885 0.130692 76.886383
v -16.329414 0.130692 76.886383
v -14.303962 0.130692 76.886383
v 21.882885 0.859925 76.886383
v 24.016003 -0.558177 76.886383
vn 0.0005 -0.0000 -1.0000
vt 0.661987 0.051575
vt 0.661987 0.715637
vt 0.948914 0.715637
vt 0.948914 0.051575
vt 0.859680 0.887756
vt 0.859680 0.966187
vt 0.959534 0.966187
vt 0.757568 0.966187
vt 0.757568 0.887756
vt 0.657654 0.887756
vt 0.959534 0.820007
vt 0.959534 0.737000
vt 0.859680 0.737000
vt 0.657654 0.737000
vt 0.657654 0.820007
vt 0.757568 0.820007
vt 0.959534 0.887756
vt 0.859680 0.820007
vt 0.757568 0.737000
vt 0.657654 0.966187
s 1
usemtl HangarTransparentMaterial
f 6133/262/222 6134/263/222 6135/264/222
f 6135/264/222 6136/265/222 6133/262/222
f 6137/266/222 6138/267/222 6139/268/222
f 6140/269/222 6141/270/222 6142/271/222
f 6143/272/222 6144/273/222 6145/274/222
f 6146/275/222 6147/276/222 6148/277/222
f 6139/268/222 6149/278/222 6137/266/222
f 6145/274/222 6150/279/222 6143/272/222
f 6148/277/222 6151/280/222 6146/275/222
f 6142/271/222 6152/281/222 6140/269/222
f 6150/279/222 6145/274/222 6151/280/222
f 6151/280/222 6148/277/222 6150/279/222
f 6138/267/222 6137/266/222 6141/270/222
f 6141/270/222 6140/269/222 6138/267/222
o WindowsLightSmall_HangarTransparentMaterial_0
v 22.302952 0.859883 -25.907312
v 22.302952 0.130711 -25.907312
v 24.328394 0.130711 -25.907312
v 24.328394 -0.558219 -25.907312
v 24.328394 0.130711 -25.907312
v 22.302952 0.130711 -25.907312
v 4.187905 7.419662 -25.932297
v 4.876756 7.419662 -25.932297
v 4.876756 8.948447 -25.932297
v 4.187905 0.197122 -25.932295
v 4.876756 0.197122 -25.932295
v 24.328394 0.859883 -25.907312
v 4.876756 0.197122 -25.932295
v 5.606007 0.197122 -25.932295
v 5.606007 7.419662 -25.932297
v 4.187905 8.948447 -25.932297
v -16.016941 0.130711 -25.907312
v -16.016941 -0.558219 -25.907312
v -13.883898 -0.558219 -25.907312
v 5.606007 8.948447 -25.932297
v 4.876756 8.948447 -25.932297
v 4.876756 7.419662 -25.932297
v -13.883898 0.859883 -25.907312
v 22.302952 -0.558219 -25.907312
v -13.883898 0.130711 -25.907312
v -16.016941 0.859883 -25.907312
v -13.883898 0.130711 -25.907312
v -16.016941 0.130711 -25.907312
vn -0.0005 -0.0000 1.0000
vt 0.859680 0.737000
vt 0.859680 0.820007
vt 0.959534 0.820007
vt 0.959534 0.966187
vt 0.959534 0.887756
vt 0.859680 0.887756
vt 0.757568 0.966187
vt 0.757568 0.887756
vt 0.657654 0.887756
vt 0.859680 0.966187
vt 0.959534 0.737000
vt 0.757568 0.737000
vt 0.657654 0.966187
vt 0.657654 0.737000
vt 0.657654 0.820007
vt 0.757568 0.820007
s 1
usemtl HangarTransparentMaterial
f 6153/282/223 6154/283/223 6155/284/223
f 6156/285/223 6157/286/223 6158/287/223
f 6159/288/223 6160/289/223 6161/290/223
f 6162/291/223 6163/287/223 6160/289/223
f 6155/284/223 6164/292/223 6153/282/223
f 6165/283/223 6166/282/223 6167/293/223
f 6161/290/223 6168/294/223 6159/288/223
f 6169/290/223 6170/294/223 6171/288/223
f 6172/295/223 6173/296/223 6174/297/223
f 6154/283/223 6153/282/223 6175/293/223
f 6158/287/223 6176/291/223 6156/285/223
f 6177/297/223 6175/293/223 6178/295/223
f 6160/289/223 6159/288/223 6162/291/223
f 6179/289/223 6171/288/223 6176/291/223
f 6174/297/223 6167/293/223 6172/295/223
f 6167/293/223 6174/297/223 6165/283/223
f 6175/293/223 6177/297/223 6154/283/223
f 6176/291/223 6158/287/223 6179/289/223
f 6178/295/223 6180/296/223 6177/297/223
f 6171/288/223 6179/289/223 6169/290/223
